,x_density,x_temp,x_soiltype,x_soiltreat,y_biomass,parameter,y_pred
1,0,0,0,0,50,intercept,49.81894014
1.1,0,0,0,0,50,intercept,50.04161439
1.2,0,0,0,0,50,intercept,50.16266618
1.3,0,0,0,0,50,intercept,49.64814534
1.4,0,0,0,0,50,intercept,50.0643687
1.5,0,0,0,0,50,intercept,50.07590838
1.6,0,0,0,0,50,intercept,49.91378901
1.7,0,0,0,0,50,intercept,49.91800522
1.8,0,0,0,0,50,intercept,49.9153322
1.9,0,0,0,0,50,intercept,49.86649433
1.1,0,0,0,0,50,intercept,49.9284211
1.11,0,0,0,0,50,intercept,49.85024203
1.12,0,0,0,0,50,intercept,49.88356192
1.13,0,0,0,0,50,intercept,50.00966882
1.14,0,0,0,0,50,intercept,50.14392411
1.15,0,0,0,0,50,intercept,49.98345718
1.16,0,0,0,0,50,intercept,49.92334857
1.17,0,0,0,0,50,intercept,49.86332069
1.18,0,0,0,0,50,intercept,49.87442425
1.19,0,0,0,0,50,intercept,50.36237528
1.2,0,0,0,0,50,intercept,50.02011323
1.21,0,0,0,0,50,intercept,49.92639712
1.22,0,0,0,0,50,intercept,49.93391782
1.23,0,0,0,0,50,intercept,50.06893842
1.24,0,0,0,0,50,intercept,49.89594196
1.25,0,0,0,0,50,intercept,49.78276926
1.26,0,0,0,0,50,intercept,50.08621336
1.27,0,0,0,0,50,intercept,49.84645164
1.28,0,0,0,0,50,intercept,49.99772925
1.29,0,0,0,0,50,intercept,49.85960771
1.3,0,0,0,0,50,intercept,50.16534463
1.31,0,0,0,0,50,intercept,49.92866104
1.32,0,0,0,0,50,intercept,49.89358399
1.33,0,0,0,0,50,intercept,49.92481129
1.34,0,0,0,0,50,intercept,49.75563598
1.35,0,0,0,0,50,intercept,49.82485711
1.36,0,0,0,0,50,intercept,49.67299405
1.37,0,0,0,0,50,intercept,49.79885102
1.38,0,0,0,0,50,intercept,49.95585592
1.39,0,0,0,0,50,intercept,49.93011537
1.4,0,0,0,0,50,intercept,50.21742444
1.41,0,0,0,0,50,intercept,49.83970359
1.42,0,0,0,0,50,intercept,49.8716953
1.43,0,0,0,0,50,intercept,49.95790655
1.44,0,0,0,0,50,intercept,49.85084899
1.45,0,0,0,0,50,intercept,49.85472285
1.46,0,0,0,0,50,intercept,49.83390227
1.47,0,0,0,0,50,intercept,49.81220212
1.48,0,0,0,0,50,intercept,49.92142578
1.49,0,0,0,0,50,intercept,49.92547251
1.5,0,0,0,0,50,intercept,49.72909531
1.51,0,0,0,0,50,intercept,49.91268861
1.52,0,0,0,0,50,intercept,49.83366656
1.53,0,0,0,0,50,intercept,49.8477557
1.54,0,0,0,0,50,intercept,49.97565357
1.55,0,0,0,0,50,intercept,50.08445837
1.56,0,0,0,0,50,intercept,50.24717262
1.57,0,0,0,0,50,intercept,49.88399699
1.58,0,0,0,0,50,intercept,50.24088644
1.59,0,0,0,0,50,intercept,49.82632872
1.6,0,0,0,0,50,intercept,50.09848827
1.61,0,0,0,0,50,intercept,50.38234866
1.62,0,0,0,0,50,intercept,49.99478594
1.63,0,0,0,0,50,intercept,49.89955496
1.64,0,0,0,0,50,intercept,49.99885929
1.65,0,0,0,0,50,intercept,50.26656267
1.66,0,0,0,0,50,intercept,49.82920884
1.67,0,0,0,0,50,intercept,50.20517408
1.68,0,0,0,0,50,intercept,50.19943472
1.69,0,0,0,0,50,intercept,50.05047092
1.7,0,0,0,0,50,intercept,50.00103393
1.71,0,0,0,0,50,intercept,49.93167969
1.72,0,0,0,0,50,intercept,49.94502141
1.73,0,0,0,0,50,intercept,50.09724299
1.74,0,0,0,0,50,intercept,50.31054063
1.75,0,0,0,0,50,intercept,49.97699024
1.76,0,0,0,0,50,intercept,49.79139486
1.77,0,0,0,0,50,intercept,49.89146273
1.78,0,0,0,0,50,intercept,50.03873926
1.79,0,0,0,0,50,intercept,49.95244113
1.8,0,0,0,0,50,intercept,49.97333151
1.81,0,0,0,0,50,intercept,49.97450089
1.82,0,0,0,0,50,intercept,49.79415472
1.83,0,0,0,0,50,intercept,49.97393192
1.84,0,0,0,0,50,intercept,50.12753484
1.85,0,0,0,0,50,intercept,50.10464131
1.86,0,0,0,0,50,intercept,50.0824996
1.87,0,0,0,0,50,intercept,49.9395902
1.88,0,0,0,0,50,intercept,49.97126093
1.89,0,0,0,0,50,intercept,49.82082082
1.9,0,0,0,0,50,intercept,49.99202618
1.91,0,0,0,0,50,intercept,50.0382794
1.92,0,0,0,0,50,intercept,50.2558946
1.93,0,0,0,0,50,intercept,50.15022699
1.94,0,0,0,0,50,intercept,49.92566248
1.95,0,0,0,0,50,intercept,50.05333254
1.96,0,0,0,0,50,intercept,49.82980879
1.97,0,0,0,0,50,intercept,50.13173054
1.98,0,0,0,0,50,intercept,50.14593751
1.99,0,0,0,0,50,intercept,50.31816757
2,1,0,0,0,42.5,density,42.56217853
2.1,1,0,0,0,42.5,density,42.42879223
2.2,1,0,0,0,42.5,density,42.50989902
2.3,1,0,0,0,42.5,density,42.42462833
2.4,1,0,0,0,42.5,density,42.37610021
2.5,1,0,0,0,42.5,density,42.52504839
2.6,1,0,0,0,42.5,density,42.36556031
2.7,1,0,0,0,42.5,density,42.52522781
2.8,1,0,0,0,42.5,density,42.55324524
2.9,1,0,0,0,42.5,density,42.49218423
2.1,1,0,0,0,42.5,density,42.47060981
2.11,1,0,0,0,42.5,density,42.40263954
2.12,1,0,0,0,42.5,density,42.33353492
2.13,1,0,0,0,42.5,density,42.62739113
2.14,1,0,0,0,42.5,density,42.50335438
2.15,1,0,0,0,42.5,density,42.62467109
2.16,1,0,0,0,42.5,density,42.31335682
2.17,1,0,0,0,42.5,density,42.52535396
2.18,1,0,0,0,42.5,density,42.60097495
2.19,1,0,0,0,42.5,density,42.49605854
2.2,1,0,0,0,42.5,density,42.47129117
2.21,1,0,0,0,42.5,density,42.382714
2.22,1,0,0,0,42.5,density,42.8087243
2.23,1,0,0,0,42.5,density,42.61257522
2.24,1,0,0,0,42.5,density,42.77363125
2.25,1,0,0,0,42.5,density,42.51200895
2.26,1,0,0,0,42.5,density,42.40528861
2.27,1,0,0,0,42.5,density,42.27300678
2.28,1,0,0,0,42.5,density,42.40458503
2.29,1,0,0,0,42.5,density,42.53394523
2.3,1,0,0,0,42.5,density,42.65205355
2.31,1,0,0,0,42.5,density,42.53791252
2.32,1,0,0,0,42.5,density,42.32420775
2.33,1,0,0,0,42.5,density,42.60030715
2.34,1,0,0,0,42.5,density,42.25248486
2.35,1,0,0,0,42.5,density,42.44512216
2.36,1,0,0,0,42.5,density,42.45258225
2.37,1,0,0,0,42.5,density,42.20776309
2.38,1,0,0,0,42.5,density,42.63800863
2.39,1,0,0,0,42.5,density,42.40656926
2.4,1,0,0,0,42.5,density,42.4498945
2.41,1,0,0,0,42.5,density,42.70927218
2.42,1,0,0,0,42.5,density,42.59550116
2.43,1,0,0,0,42.5,density,42.48373525
2.44,1,0,0,0,42.5,density,42.57706442
2.45,1,0,0,0,42.5,density,42.55989077
2.46,1,0,0,0,42.5,density,42.74942847
2.47,1,0,0,0,42.5,density,42.54138401
2.48,1,0,0,0,42.5,density,42.57594089
2.49,1,0,0,0,42.5,density,42.5521328
2.5,1,0,0,0,42.5,density,42.44341435
2.51,1,0,0,0,42.5,density,42.51464292
2.52,1,0,0,0,42.5,density,42.7458117
2.53,1,0,0,0,42.5,density,42.36866113
2.54,1,0,0,0,42.5,density,42.518264
2.55,1,0,0,0,42.5,density,42.7043196
2.56,1,0,0,0,42.5,density,42.46480684
2.57,1,0,0,0,42.5,density,42.34199258
2.58,1,0,0,0,42.5,density,42.36953246
2.59,1,0,0,0,42.5,density,42.44148095
2.6,1,0,0,0,42.5,density,42.37289749
2.61,1,0,0,0,42.5,density,42.46090409
2.62,1,0,0,0,42.5,density,42.43783704
2.63,1,0,0,0,42.5,density,42.47254238
2.64,1,0,0,0,42.5,density,42.56105841
2.65,1,0,0,0,42.5,density,42.59369497
2.66,1,0,0,0,42.5,density,42.75173086
2.67,1,0,0,0,42.5,density,42.48969595
2.68,1,0,0,0,42.5,density,42.45187401
2.69,1,0,0,0,42.5,density,42.72065086
2.7,1,0,0,0,42.5,density,42.75564941
2.71,1,0,0,0,42.5,density,42.50648661
2.72,1,0,0,0,42.5,density,42.4501014
2.73,1,0,0,0,42.5,density,42.22666469
2.74,1,0,0,0,42.5,density,42.71168936
2.75,1,0,0,0,42.5,density,42.37436263
2.76,1,0,0,0,42.5,density,42.33143558
2.77,1,0,0,0,42.5,density,42.95656488
2.78,1,0,0,0,42.5,density,42.5352532
2.79,1,0,0,0,42.5,density,42.49501121
2.8,1,0,0,0,42.5,density,42.09016707
2.81,1,0,0,0,42.5,density,42.48503141
2.82,1,0,0,0,42.5,density,42.64640476
2.83,1,0,0,0,42.5,density,42.56208034
2.84,1,0,0,0,42.5,density,42.63684832
2.85,1,0,0,0,42.5,density,42.79755983
2.86,1,0,0,0,42.5,density,42.67536628
2.87,1,0,0,0,42.5,density,42.42368945
2.88,1,0,0,0,42.5,density,42.60562703
2.89,1,0,0,0,42.5,density,42.47023756
2.9,1,0,0,0,42.5,density,42.41928938
2.91,1,0,0,0,42.5,density,42.0716362
2.92,1,0,0,0,42.5,density,42.38155297
2.93,1,0,0,0,42.5,density,42.5731722
2.94,1,0,0,0,42.5,density,42.82520488
2.95,1,0,0,0,42.5,density,42.57510419
2.96,1,0,0,0,42.5,density,42.59303153
2.97,1,0,0,0,42.5,density,42.35511452
2.98,1,0,0,0,42.5,density,42.52439821
2.99,1,0,0,0,42.5,density,42.18826437
3,0,1,0,0,55,temperature,55.07278402
3.1,0,1,0,0,55,temperature,55.10451532
3.2,0,1,0,0,55,temperature,55.02782709
3.3,0,1,0,0,55,temperature,55.10511003
3.4,0,1,0,0,55,temperature,55.04675215
3.5,0,1,0,0,55,temperature,55.11406935
3.6,0,1,0,0,55,temperature,55.27636954
3.7,0,1,0,0,55,temperature,55.16685443
3.8,0,1,0,0,55,temperature,55.00489959
3.9,0,1,0,0,55,temperature,54.83283266
3.1,0,1,0,0,55,temperature,55.06270867
3.11,0,1,0,0,55,temperature,54.93996471
3.12,0,1,0,0,55,temperature,55.22402397
3.13,0,1,0,0,55,temperature,54.75893786
3.14,0,1,0,0,55,temperature,54.93763723
3.15,0,1,0,0,55,temperature,55.06330126
3.16,0,1,0,0,55,temperature,54.97723952
3.17,0,1,0,0,55,temperature,54.90907733
3.18,0,1,0,0,55,temperature,54.95429184
3.19,0,1,0,0,55,temperature,55.09443041
3.2,0,1,0,0,55,temperature,55.1342758
3.21,0,1,0,0,55,temperature,55.09903189
3.22,0,1,0,0,55,temperature,55.34102253
3.23,0,1,0,0,55,temperature,55.17602464
3.24,0,1,0,0,55,temperature,55.04315646
3.25,0,1,0,0,55,temperature,54.90103449
3.26,0,1,0,0,55,temperature,55.43787102
3.27,0,1,0,0,55,temperature,55.10161233
3.28,0,1,0,0,55,temperature,54.89735195
3.29,0,1,0,0,55,temperature,55.02797381
3.3,0,1,0,0,55,temperature,54.951341
3.31,0,1,0,0,55,temperature,54.95879437
3.32,0,1,0,0,55,temperature,54.8599745
3.33,0,1,0,0,55,temperature,55.0175268
3.34,0,1,0,0,55,temperature,55.04787404
3.35,0,1,0,0,55,temperature,54.83836868
3.36,0,1,0,0,55,temperature,54.51502718
3.37,0,1,0,0,55,temperature,54.9617688
3.38,0,1,0,0,55,temperature,55.00442767
3.39,0,1,0,0,55,temperature,55.08914107
3.4,0,1,0,0,55,temperature,55.00887028
3.41,0,1,0,0,55,temperature,55.06200983
3.42,0,1,0,0,55,temperature,54.83533417
3.43,0,1,0,0,55,temperature,55.10667629
3.44,0,1,0,0,55,temperature,55.10783331
3.45,0,1,0,0,55,temperature,55.03774766
3.46,0,1,0,0,55,temperature,55.20359117
3.47,0,1,0,0,55,temperature,55.06067027
3.48,0,1,0,0,55,temperature,55.03965464
3.49,0,1,0,0,55,temperature,55.04020659
3.5,0,1,0,0,55,temperature,55.06553959
3.51,0,1,0,0,55,temperature,55.15901859
3.52,0,1,0,0,55,temperature,55.06782856
3.53,0,1,0,0,55,temperature,55.09947979
3.54,0,1,0,0,55,temperature,54.82954397
3.55,0,1,0,0,55,temperature,54.94442537
3.56,0,1,0,0,55,temperature,55.22154544
3.57,0,1,0,0,55,temperature,54.81641444
3.58,0,1,0,0,55,temperature,55.03871026
3.59,0,1,0,0,55,temperature,55.06075042
3.6,0,1,0,0,55,temperature,55.1463705
3.61,0,1,0,0,55,temperature,54.94766849
3.62,0,1,0,0,55,temperature,55.02379382
3.63,0,1,0,0,55,temperature,54.73551174
3.64,0,1,0,0,55,temperature,55.05078941
3.65,0,1,0,0,55,temperature,54.90001525
3.66,0,1,0,0,55,temperature,54.96420301
3.67,0,1,0,0,55,temperature,54.82183521
3.68,0,1,0,0,55,temperature,55.0577403
3.69,0,1,0,0,55,temperature,55.09998693
3.7,0,1,0,0,55,temperature,54.95430792
3.71,0,1,0,0,55,temperature,55.27375166
3.72,0,1,0,0,55,temperature,55.10058391
3.73,0,1,0,0,55,temperature,55.14229489
3.74,0,1,0,0,55,temperature,55.30741045
3.75,0,1,0,0,55,temperature,54.90233296
3.76,0,1,0,0,55,temperature,55.12129289
3.77,0,1,0,0,55,temperature,55.14798709
3.78,0,1,0,0,55,temperature,54.99907438
3.79,0,1,0,0,55,temperature,55.04785785
3.8,0,1,0,0,55,temperature,54.84822671
3.81,0,1,0,0,55,temperature,55.07052513
3.82,0,1,0,0,55,temperature,54.89485445
3.83,0,1,0,0,55,temperature,55.12205243
3.84,0,1,0,0,55,temperature,54.87828538
3.85,0,1,0,0,55,temperature,55.04790962
3.86,0,1,0,0,55,temperature,54.8730216
3.87,0,1,0,0,55,temperature,54.96313552
3.88,0,1,0,0,55,temperature,54.76707115
3.89,0,1,0,0,55,temperature,55.0192651
3.9,0,1,0,0,55,temperature,55.14781651
3.91,0,1,0,0,55,temperature,55.02748713
3.92,0,1,0,0,55,temperature,54.73506562
3.93,0,1,0,0,55,temperature,54.90691995
3.94,0,1,0,0,55,temperature,55.24840646
3.95,0,1,0,0,55,temperature,55.27147081
3.96,0,1,0,0,55,temperature,54.82374448
3.97,0,1,0,0,55,temperature,54.94499451
3.98,0,1,0,0,55,temperature,55.05304382
3.99,0,1,0,0,55,temperature,55.04787343
4,1,1,0,0,45.5,den_temp,45.41300645
4.1,1,1,0,0,45.5,den_temp,45.35700819
4.2,1,1,0,0,45.5,den_temp,45.47308571
4.3,1,1,0,0,45.5,den_temp,45.65147123
4.4,1,1,0,0,45.5,den_temp,45.50354399
4.5,1,1,0,0,45.5,den_temp,45.40264577
4.6,1,1,0,0,45.5,den_temp,45.42434387
4.7,1,1,0,0,45.5,den_temp,45.74215872
4.8,1,1,0,0,45.5,den_temp,45.43295603
4.9,1,1,0,0,45.5,den_temp,45.61447651
4.1,1,1,0,0,45.5,den_temp,45.7207578
4.11,1,1,0,0,45.5,den_temp,45.56654974
4.12,1,1,0,0,45.5,den_temp,45.43674172
4.13,1,1,0,0,45.5,den_temp,45.49399976
4.14,1,1,0,0,45.5,den_temp,45.426158
4.15,1,1,0,0,45.5,den_temp,45.68415757
4.16,1,1,0,0,45.5,den_temp,45.47756697
4.17,1,1,0,0,45.5,den_temp,45.73249751
4.18,1,1,0,0,45.5,den_temp,45.41575812
4.19,1,1,0,0,45.5,den_temp,45.40293241
4.2,1,1,0,0,45.5,den_temp,45.52146982
4.21,1,1,0,0,45.5,den_temp,45.5036283
4.22,1,1,0,0,45.5,den_temp,45.42433227
4.23,1,1,0,0,45.5,den_temp,45.26279048
4.24,1,1,0,0,45.5,den_temp,45.50450996
4.25,1,1,0,0,45.5,den_temp,45.3925135
4.26,1,1,0,0,45.5,den_temp,45.66239164
4.27,1,1,0,0,45.5,den_temp,45.35709718
4.28,1,1,0,0,45.5,den_temp,45.66897241
4.29,1,1,0,0,45.5,den_temp,45.40264355
4.3,1,1,0,0,45.5,den_temp,45.54387051
4.31,1,1,0,0,45.5,den_temp,45.63480541
4.32,1,1,0,0,45.5,den_temp,45.42218865
4.33,1,1,0,0,45.5,den_temp,45.58316578
4.34,1,1,0,0,45.5,den_temp,45.48680395
4.35,1,1,0,0,45.5,den_temp,45.32971806
4.36,1,1,0,0,45.5,den_temp,45.45948806
4.37,1,1,0,0,45.5,den_temp,45.74296848
4.38,1,1,0,0,45.5,den_temp,45.46788032
4.39,1,1,0,0,45.5,den_temp,45.37733263
4.4,1,1,0,0,45.5,den_temp,45.49189656
4.41,1,1,0,0,45.5,den_temp,45.54952124
4.42,1,1,0,0,45.5,den_temp,45.64329869
4.43,1,1,0,0,45.5,den_temp,45.67159398
4.44,1,1,0,0,45.5,den_temp,45.51507836
4.45,1,1,0,0,45.5,den_temp,45.67468629
4.46,1,1,0,0,45.5,den_temp,45.38536101
4.47,1,1,0,0,45.5,den_temp,45.14832299
4.48,1,1,0,0,45.5,den_temp,45.42924749
4.49,1,1,0,0,45.5,den_temp,45.42262168
4.5,1,1,0,0,45.5,den_temp,45.15259458
4.51,1,1,0,0,45.5,den_temp,45.58437076
4.52,1,1,0,0,45.5,den_temp,45.38243373
4.53,1,1,0,0,45.5,den_temp,45.4660919
4.54,1,1,0,0,45.5,den_temp,45.26193455
4.55,1,1,0,0,45.5,den_temp,45.58212863
4.56,1,1,0,0,45.5,den_temp,45.78368405
4.57,1,1,0,0,45.5,den_temp,45.36828843
4.58,1,1,0,0,45.5,den_temp,45.48311616
4.59,1,1,0,0,45.5,den_temp,45.79230696
4.6,1,1,0,0,45.5,den_temp,45.64007245
4.61,1,1,0,0,45.5,den_temp,45.78695891
4.62,1,1,0,0,45.5,den_temp,45.49921489
4.63,1,1,0,0,45.5,den_temp,45.47716099
4.64,1,1,0,0,45.5,den_temp,45.42355525
4.65,1,1,0,0,45.5,den_temp,45.71518606
4.66,1,1,0,0,45.5,den_temp,45.30712422
4.67,1,1,0,0,45.5,den_temp,45.54609713
4.68,1,1,0,0,45.5,den_temp,45.49305222
4.69,1,1,0,0,45.5,den_temp,45.83777627
4.7,1,1,0,0,45.5,den_temp,45.40879494
4.71,1,1,0,0,45.5,den_temp,45.27360677
4.72,1,1,0,0,45.5,den_temp,45.53489477
4.73,1,1,0,0,45.5,den_temp,45.4940527
4.74,1,1,0,0,45.5,den_temp,45.37413124
4.75,1,1,0,0,45.5,den_temp,45.51984366
4.76,1,1,0,0,45.5,den_temp,45.45867129
4.77,1,1,0,0,45.5,den_temp,45.3981862
4.78,1,1,0,0,45.5,den_temp,45.57512539
4.79,1,1,0,0,45.5,den_temp,45.45025065
4.8,1,1,0,0,45.5,den_temp,45.22475296
4.81,1,1,0,0,45.5,den_temp,45.10223881
4.82,1,1,0,0,45.5,den_temp,45.41291267
4.83,1,1,0,0,45.5,den_temp,45.71812803
4.84,1,1,0,0,45.5,den_temp,45.62571941
4.85,1,1,0,0,45.5,den_temp,45.68225804
4.86,1,1,0,0,45.5,den_temp,45.64737582
4.87,1,1,0,0,45.5,den_temp,45.5473646
4.88,1,1,0,0,45.5,den_temp,45.27394061
4.89,1,1,0,0,45.5,den_temp,45.53083547
4.9,1,1,0,0,45.5,den_temp,45.73958421
4.91,1,1,0,0,45.5,den_temp,44.99059047
4.92,1,1,0,0,45.5,den_temp,45.38279716
4.93,1,1,0,0,45.5,den_temp,45.6653697
4.94,1,1,0,0,45.5,den_temp,45.57931175
4.95,1,1,0,0,45.5,den_temp,45.61840916
4.96,1,1,0,0,45.5,den_temp,45.56856493
4.97,1,1,0,0,45.5,den_temp,45.58082497
4.98,1,1,0,0,45.5,den_temp,45.50219647
4.99,1,1,0,0,45.5,den_temp,45.36252663
5,0,0,1,0,35,soiltype,34.81597774
5.1,0,0,1,0,35,soiltype,35.00542293
5.2,0,0,1,0,35,soiltype,34.93679103
5.3,0,0,1,0,35,soiltype,34.86509534
5.4,0,0,1,0,35,soiltype,35.0626162
5.5,0,0,1,0,35,soiltype,35.02301671
5.6,0,0,1,0,35,soiltype,35.21949246
5.7,0,0,1,0,35,soiltype,34.83177463
5.8,0,0,1,0,35,soiltype,34.92233179
5.9,0,0,1,0,35,soiltype,34.98875794
5.1,0,0,1,0,35,soiltype,34.78883149
5.11,0,0,1,0,35,soiltype,34.95729412
5.12,0,0,1,0,35,soiltype,34.89377432
5.13,0,0,1,0,35,soiltype,34.67785415
5.14,0,0,1,0,35,soiltype,34.95742443
5.15,0,0,1,0,35,soiltype,34.91988918
5.16,0,0,1,0,35,soiltype,35.16995153
5.17,0,0,1,0,35,soiltype,34.90938966
5.18,0,0,1,0,35,soiltype,35.08362674
5.19,0,0,1,0,35,soiltype,35.02139439
5.2,0,0,1,0,35,soiltype,34.81447097
5.21,0,0,1,0,35,soiltype,35.0561216
5.22,0,0,1,0,35,soiltype,34.98408708
5.23,0,0,1,0,35,soiltype,35.0249093
5.24,0,0,1,0,35,soiltype,35.09870523
5.25,0,0,1,0,35,soiltype,35.01709444
5.26,0,0,1,0,35,soiltype,35.23777387
5.27,0,0,1,0,35,soiltype,35.01733302
5.28,0,0,1,0,35,soiltype,34.81190014
5.29,0,0,1,0,35,soiltype,35.11127972
5.3,0,0,1,0,35,soiltype,34.81656476
5.31,0,0,1,0,35,soiltype,34.71216588
5.32,0,0,1,0,35,soiltype,34.87850954
5.33,0,0,1,0,35,soiltype,34.88829842
5.34,0,0,1,0,35,soiltype,34.90887411
5.35,0,0,1,0,35,soiltype,35.24101393
5.36,0,0,1,0,35,soiltype,35.24533992
5.37,0,0,1,0,35,soiltype,35.10891366
5.38,0,0,1,0,35,soiltype,34.80892476
5.39,0,0,1,0,35,soiltype,35.00347198
5.4,0,0,1,0,35,soiltype,35.07306819
5.41,0,0,1,0,35,soiltype,34.97944587
5.42,0,0,1,0,35,soiltype,35.02576182
5.43,0,0,1,0,35,soiltype,34.85828091
5.44,0,0,1,0,35,soiltype,34.80685695
5.45,0,0,1,0,35,soiltype,35.21116486
5.46,0,0,1,0,35,soiltype,35.0401059
5.47,0,0,1,0,35,soiltype,34.93874035
5.48,0,0,1,0,35,soiltype,35.04879068
5.49,0,0,1,0,35,soiltype,35.30937215
5.5,0,0,1,0,35,soiltype,35.05440004
5.51,0,0,1,0,35,soiltype,35.2117107
5.52,0,0,1,0,35,soiltype,35.20513165
5.53,0,0,1,0,35,soiltype,34.93892358
5.54,0,0,1,0,35,soiltype,35.11438126
5.55,0,0,1,0,35,soiltype,34.90231988
5.56,0,0,1,0,35,soiltype,34.77895163
5.57,0,0,1,0,35,soiltype,34.81975013
5.58,0,0,1,0,35,soiltype,34.97769193
5.59,0,0,1,0,35,soiltype,35.26955936
5.6,0,0,1,0,35,soiltype,35.01572131
5.61,0,0,1,0,35,soiltype,34.8795743
5.62,0,0,1,0,35,soiltype,35.03455624
5.63,0,0,1,0,35,soiltype,35.10469628
5.64,0,0,1,0,35,soiltype,34.80571974
5.65,0,0,1,0,35,soiltype,34.84179797
5.66,0,0,1,0,35,soiltype,34.70875888
5.67,0,0,1,0,35,soiltype,34.80956591
5.68,0,0,1,0,35,soiltype,34.86688418
5.69,0,0,1,0,35,soiltype,34.95621264
5.7,0,0,1,0,35,soiltype,35.21151411
5.71,0,0,1,0,35,soiltype,35.13329621
5.72,0,0,1,0,35,soiltype,35.04094615
5.73,0,0,1,0,35,soiltype,34.91500378
5.74,0,0,1,0,35,soiltype,34.99396896
5.75,0,0,1,0,35,soiltype,35.08214184
5.76,0,0,1,0,35,soiltype,34.924395
5.77,0,0,1,0,35,soiltype,35.15886052
5.78,0,0,1,0,35,soiltype,35.16461803
5.79,0,0,1,0,35,soiltype,34.82502431
5.8,0,0,1,0,35,soiltype,34.8879633
5.81,0,0,1,0,35,soiltype,35.18101081
5.82,0,0,1,0,35,soiltype,34.74691702
5.83,0,0,1,0,35,soiltype,35.06295648
5.84,0,0,1,0,35,soiltype,35.03502481
5.85,0,0,1,0,35,soiltype,35.47938518
5.86,0,0,1,0,35,soiltype,34.59054795
5.87,0,0,1,0,35,soiltype,34.87388063
5.88,0,0,1,0,35,soiltype,35.1011043
5.89,0,0,1,0,35,soiltype,35.25114898
5.9,0,0,1,0,35,soiltype,35.12595306
5.91,0,0,1,0,35,soiltype,34.78574473
5.92,0,0,1,0,35,soiltype,35.33590823
5.93,0,0,1,0,35,soiltype,34.73641007
5.94,0,0,1,0,35,soiltype,34.83304759
5.95,0,0,1,0,35,soiltype,34.99352894
5.96,0,0,1,0,35,soiltype,35.33383804
5.97,0,0,1,0,35,soiltype,35.07594749
5.98,0,0,1,0,35,soiltype,35.10955941
5.99,0,0,1,0,35,soiltype,35.25921164
6,1,0,1,0,22.5,den_soiltype,22.647717
6.1,1,0,1,0,22.5,den_soiltype,22.31628932
6.2,1,0,1,0,22.5,den_soiltype,22.60645893
6.3,1,0,1,0,22.5,den_soiltype,22.483617
6.4,1,0,1,0,22.5,den_soiltype,22.76739118
6.5,1,0,1,0,22.5,den_soiltype,22.4634833
6.6,1,0,1,0,22.5,den_soiltype,22.27093395
6.7,1,0,1,0,22.5,den_soiltype,22.57377516
6.8,1,0,1,0,22.5,den_soiltype,22.55317555
6.9,1,0,1,0,22.5,den_soiltype,22.49735605
6.1,1,0,1,0,22.5,den_soiltype,22.34151745
6.11,1,0,1,0,22.5,den_soiltype,22.3741628
6.12,1,0,1,0,22.5,den_soiltype,22.49810614
6.13,1,0,1,0,22.5,den_soiltype,22.65571652
6.14,1,0,1,0,22.5,den_soiltype,22.44533134
6.15,1,0,1,0,22.5,den_soiltype,22.36928258
6.16,1,0,1,0,22.5,den_soiltype,22.09436955
6.17,1,0,1,0,22.5,den_soiltype,22.57413748
6.18,1,0,1,0,22.5,den_soiltype,22.56410105
6.19,1,0,1,0,22.5,den_soiltype,22.69637863
6.2,1,0,1,0,22.5,den_soiltype,22.7200084
6.21,1,0,1,0,22.5,den_soiltype,22.47854159
6.22,1,0,1,0,22.5,den_soiltype,22.69477706
6.23,1,0,1,0,22.5,den_soiltype,22.50019703
6.24,1,0,1,0,22.5,den_soiltype,22.39853849
6.25,1,0,1,0,22.5,den_soiltype,22.37277051
6.26,1,0,1,0,22.5,den_soiltype,22.44795883
6.27,1,0,1,0,22.5,den_soiltype,22.53412192
6.28,1,0,1,0,22.5,den_soiltype,22.49588979
6.29,1,0,1,0,22.5,den_soiltype,22.53013167
6.3,1,0,1,0,22.5,den_soiltype,22.5298414
6.31,1,0,1,0,22.5,den_soiltype,22.6071899
6.32,1,0,1,0,22.5,den_soiltype,22.45902273
6.33,1,0,1,0,22.5,den_soiltype,22.74530212
6.34,1,0,1,0,22.5,den_soiltype,22.56565408
6.35,1,0,1,0,22.5,den_soiltype,22.32096962
6.36,1,0,1,0,22.5,den_soiltype,22.45850253
6.37,1,0,1,0,22.5,den_soiltype,22.57738246
6.38,1,0,1,0,22.5,den_soiltype,22.4383417
6.39,1,0,1,0,22.5,den_soiltype,22.55174926
6.4,1,0,1,0,22.5,den_soiltype,22.56515938
6.41,1,0,1,0,22.5,den_soiltype,22.69552165
6.42,1,0,1,0,22.5,den_soiltype,22.40224561
6.43,1,0,1,0,22.5,den_soiltype,22.49746787
6.44,1,0,1,0,22.5,den_soiltype,22.41484613
6.45,1,0,1,0,22.5,den_soiltype,22.33093007
6.46,1,0,1,0,22.5,den_soiltype,22.22265445
6.47,1,0,1,0,22.5,den_soiltype,22.52932936
6.48,1,0,1,0,22.5,den_soiltype,22.59023478
6.49,1,0,1,0,22.5,den_soiltype,22.59587372
6.5,1,0,1,0,22.5,den_soiltype,22.29150108
6.51,1,0,1,0,22.5,den_soiltype,22.33054832
6.52,1,0,1,0,22.5,den_soiltype,22.32882687
6.53,1,0,1,0,22.5,den_soiltype,22.39669928
6.54,1,0,1,0,22.5,den_soiltype,22.52552967
6.55,1,0,1,0,22.5,den_soiltype,22.58917251
6.56,1,0,1,0,22.5,den_soiltype,22.3777451
6.57,1,0,1,0,22.5,den_soiltype,22.07034797
6.58,1,0,1,0,22.5,den_soiltype,22.64307352
6.59,1,0,1,0,22.5,den_soiltype,22.59229272
6.6,1,0,1,0,22.5,den_soiltype,22.39486939
6.61,1,0,1,0,22.5,den_soiltype,22.3389508
6.62,1,0,1,0,22.5,den_soiltype,22.45500132
6.63,1,0,1,0,22.5,den_soiltype,22.51621598
6.64,1,0,1,0,22.5,den_soiltype,22.60848011
6.65,1,0,1,0,22.5,den_soiltype,22.70851426
6.66,1,0,1,0,22.5,den_soiltype,22.37266749
6.67,1,0,1,0,22.5,den_soiltype,22.54360843
6.68,1,0,1,0,22.5,den_soiltype,22.70012641
6.69,1,0,1,0,22.5,den_soiltype,22.36479868
6.7,1,0,1,0,22.5,den_soiltype,22.46658549
6.71,1,0,1,0,22.5,den_soiltype,22.2342798
6.72,1,0,1,0,22.5,den_soiltype,22.54311334
6.73,1,0,1,0,22.5,den_soiltype,22.40382124
6.74,1,0,1,0,22.5,den_soiltype,22.36125935
6.75,1,0,1,0,22.5,den_soiltype,22.38300338
6.76,1,0,1,0,22.5,den_soiltype,22.56667551
6.77,1,0,1,0,22.5,den_soiltype,22.17562965
6.78,1,0,1,0,22.5,den_soiltype,22.43617337
6.79,1,0,1,0,22.5,den_soiltype,22.34794235
6.8,1,0,1,0,22.5,den_soiltype,22.35568215
6.81,1,0,1,0,22.5,den_soiltype,22.57119519
6.82,1,0,1,0,22.5,den_soiltype,22.55276314
6.83,1,0,1,0,22.5,den_soiltype,22.48394695
6.84,1,0,1,0,22.5,den_soiltype,22.58062759
6.85,1,0,1,0,22.5,den_soiltype,22.40968427
6.86,1,0,1,0,22.5,den_soiltype,22.19650535
6.87,1,0,1,0,22.5,den_soiltype,22.67316319
6.88,1,0,1,0,22.5,den_soiltype,22.46539605
6.89,1,0,1,0,22.5,den_soiltype,22.44523668
6.9,1,0,1,0,22.5,den_soiltype,22.52362769
6.91,1,0,1,0,22.5,den_soiltype,22.61488983
6.92,1,0,1,0,22.5,den_soiltype,22.56391304
6.93,1,0,1,0,22.5,den_soiltype,22.63908981
6.94,1,0,1,0,22.5,den_soiltype,22.50692019
6.95,1,0,1,0,22.5,den_soiltype,22.42435715
6.96,1,0,1,0,22.5,den_soiltype,22.45493259
6.97,1,0,1,0,22.5,den_soiltype,22.6234374
6.98,1,0,1,0,22.5,den_soiltype,22.37260968
6.99,1,0,1,0,22.5,den_soiltype,22.35695849
7,0,1,1,0,30,temp_soiltype,30.04702181
7.1,0,1,1,0,30,temp_soiltype,30.091871
7.2,0,1,1,0,30,temp_soiltype,29.74633752
7.3,0,1,1,0,30,temp_soiltype,30.11770479
7.4,0,1,1,0,30,temp_soiltype,30.00178877
7.5,0,1,1,0,30,temp_soiltype,29.97281171
7.6,0,1,1,0,30,temp_soiltype,30.16604316
7.7,0,1,1,0,30,temp_soiltype,30.22190923
7.8,0,1,1,0,30,temp_soiltype,29.82789008
7.9,0,1,1,0,30,temp_soiltype,30.15174816
7.1,0,1,1,0,30,temp_soiltype,29.90518962
7.11,0,1,1,0,30,temp_soiltype,30.0198542
7.12,0,1,1,0,30,temp_soiltype,30.07213891
7.13,0,1,1,0,30,temp_soiltype,30.01997664
7.14,0,1,1,0,30,temp_soiltype,29.78057033
7.15,0,1,1,0,30,temp_soiltype,29.92403973
7.16,0,1,1,0,30,temp_soiltype,30.23094949
7.17,0,1,1,0,30,temp_soiltype,30.02591904
7.18,0,1,1,0,30,temp_soiltype,29.87462641
7.19,0,1,1,0,30,temp_soiltype,29.90161069
7.2,0,1,1,0,30,temp_soiltype,30.15863491
7.21,0,1,1,0,30,temp_soiltype,30.05191252
7.22,0,1,1,0,30,temp_soiltype,29.86542202
7.23,0,1,1,0,30,temp_soiltype,30.00093978
7.24,0,1,1,0,30,temp_soiltype,30.08950058
7.25,0,1,1,0,30,temp_soiltype,30.25838277
7.26,0,1,1,0,30,temp_soiltype,29.86773758
7.27,0,1,1,0,30,temp_soiltype,29.94300811
7.28,0,1,1,0,30,temp_soiltype,30.1494165
7.29,0,1,1,0,30,temp_soiltype,29.93113187
7.3,0,1,1,0,30,temp_soiltype,30.21903986
7.31,0,1,1,0,30,temp_soiltype,30.15648693
7.32,0,1,1,0,30,temp_soiltype,29.75114385
7.33,0,1,1,0,30,temp_soiltype,30.06359367
7.34,0,1,1,0,30,temp_soiltype,29.78712556
7.35,0,1,1,0,30,temp_soiltype,29.78029613
7.36,0,1,1,0,30,temp_soiltype,30.01056315
7.37,0,1,1,0,30,temp_soiltype,30.00850473
7.38,0,1,1,0,30,temp_soiltype,29.99509377
7.39,0,1,1,0,30,temp_soiltype,30.18964218
7.4,0,1,1,0,30,temp_soiltype,30.04424818
7.41,0,1,1,0,30,temp_soiltype,29.89903698
7.42,0,1,1,0,30,temp_soiltype,30.01793824
7.43,0,1,1,0,30,temp_soiltype,29.92284052
7.44,0,1,1,0,30,temp_soiltype,29.98978326
7.45,0,1,1,0,30,temp_soiltype,29.82779821
7.46,0,1,1,0,30,temp_soiltype,29.98271333
7.47,0,1,1,0,30,temp_soiltype,30.01544046
7.48,0,1,1,0,30,temp_soiltype,29.89473848
7.49,0,1,1,0,30,temp_soiltype,30.00618459
7.5,0,1,1,0,30,temp_soiltype,29.90268475
7.51,0,1,1,0,30,temp_soiltype,29.90339882
7.52,0,1,1,0,30,temp_soiltype,29.96933418
7.53,0,1,1,0,30,temp_soiltype,30.07362614
7.54,0,1,1,0,30,temp_soiltype,29.96919945
7.55,0,1,1,0,30,temp_soiltype,30.0286037
7.56,0,1,1,0,30,temp_soiltype,30.14550363
7.57,0,1,1,0,30,temp_soiltype,29.95721084
7.58,0,1,1,0,30,temp_soiltype,29.98445711
7.59,0,1,1,0,30,temp_soiltype,30.07668818
7.6,0,1,1,0,30,temp_soiltype,29.81127563
7.61,0,1,1,0,30,temp_soiltype,30.0815739
7.62,0,1,1,0,30,temp_soiltype,29.91975546
7.63,0,1,1,0,30,temp_soiltype,29.8292931
7.64,0,1,1,0,30,temp_soiltype,29.73479943
7.65,0,1,1,0,30,temp_soiltype,29.89275327
7.66,0,1,1,0,30,temp_soiltype,29.82446966
7.67,0,1,1,0,30,temp_soiltype,29.82323278
7.68,0,1,1,0,30,temp_soiltype,30.2440937
7.69,0,1,1,0,30,temp_soiltype,29.818178
7.7,0,1,1,0,30,temp_soiltype,30.14962649
7.71,0,1,1,0,30,temp_soiltype,30.08178685
7.72,0,1,1,0,30,temp_soiltype,29.86728163
7.73,0,1,1,0,30,temp_soiltype,29.9083154
7.74,0,1,1,0,30,temp_soiltype,29.93847007
7.75,0,1,1,0,30,temp_soiltype,30.02856141
7.76,0,1,1,0,30,temp_soiltype,29.94775126
7.77,0,1,1,0,30,temp_soiltype,30.12402713
7.78,0,1,1,0,30,temp_soiltype,29.95609696
7.79,0,1,1,0,30,temp_soiltype,29.67519807
7.8,0,1,1,0,30,temp_soiltype,29.98556748
7.81,0,1,1,0,30,temp_soiltype,29.72220647
7.82,0,1,1,0,30,temp_soiltype,30.14067167
7.83,0,1,1,0,30,temp_soiltype,29.88784703
7.84,0,1,1,0,30,temp_soiltype,29.83271378
7.85,0,1,1,0,30,temp_soiltype,29.91127404
7.86,0,1,1,0,30,temp_soiltype,30.0877846
7.87,0,1,1,0,30,temp_soiltype,29.71221627
7.88,0,1,1,0,30,temp_soiltype,30.03807252
7.89,0,1,1,0,30,temp_soiltype,29.85416374
7.9,0,1,1,0,30,temp_soiltype,29.99872298
7.91,0,1,1,0,30,temp_soiltype,30.10185629
7.92,0,1,1,0,30,temp_soiltype,30.08544471
7.93,0,1,1,0,30,temp_soiltype,30.22544425
7.94,0,1,1,0,30,temp_soiltype,30.01936281
7.95,0,1,1,0,30,temp_soiltype,29.89482256
7.96,0,1,1,0,30,temp_soiltype,30.32305608
7.97,0,1,1,0,30,temp_soiltype,29.95451308
7.98,0,1,1,0,30,temp_soiltype,30.12113697
7.99,0,1,1,0,30,temp_soiltype,30.13964872
8,1,1,1,0,13,den_temp_soiltype,13.06823531
8.1,1,1,1,0,13,den_temp_soiltype,13.2138131
8.2,1,1,1,0,13,den_temp_soiltype,12.96865132
8.3,1,1,1,0,13,den_temp_soiltype,12.81528958
8.4,1,1,1,0,13,den_temp_soiltype,12.94590946
8.5,1,1,1,0,13,den_temp_soiltype,12.91791801
8.6,1,1,1,0,13,den_temp_soiltype,13.0491994
8.7,1,1,1,0,13,den_temp_soiltype,12.86000503
8.8,1,1,1,0,13,den_temp_soiltype,13.10212162
8.9,1,1,1,0,13,den_temp_soiltype,12.82541764
8.1,1,1,1,0,13,den_temp_soiltype,13.26331743
8.11,1,1,1,0,13,den_temp_soiltype,13.2174456
8.12,1,1,1,0,13,den_temp_soiltype,12.93268076
8.13,1,1,1,0,13,den_temp_soiltype,13.02101009
8.14,1,1,1,0,13,den_temp_soiltype,12.94395245
8.15,1,1,1,0,13,den_temp_soiltype,12.81903488
8.16,1,1,1,0,13,den_temp_soiltype,12.6007981
8.17,1,1,1,0,13,den_temp_soiltype,12.99623583
8.18,1,1,1,0,13,den_temp_soiltype,12.99484401
8.19,1,1,1,0,13,den_temp_soiltype,13.24635386
8.2,1,1,1,0,13,den_temp_soiltype,12.70068068
8.21,1,1,1,0,13,den_temp_soiltype,12.90067439
8.22,1,1,1,0,13,den_temp_soiltype,13.1320057
8.23,1,1,1,0,13,den_temp_soiltype,13.05135811
8.24,1,1,1,0,13,den_temp_soiltype,13.01826308
8.25,1,1,1,0,13,den_temp_soiltype,12.90688584
8.26,1,1,1,0,13,den_temp_soiltype,13.03014179
8.27,1,1,1,0,13,den_temp_soiltype,12.9646142
8.28,1,1,1,0,13,den_temp_soiltype,13.01704917
8.29,1,1,1,0,13,den_temp_soiltype,12.91331062
8.3,1,1,1,0,13,den_temp_soiltype,13.17828473
8.31,1,1,1,0,13,den_temp_soiltype,13.15899044
8.32,1,1,1,0,13,den_temp_soiltype,13.20051373
8.33,1,1,1,0,13,den_temp_soiltype,12.94492462
8.34,1,1,1,0,13,den_temp_soiltype,12.95434949
8.35,1,1,1,0,13,den_temp_soiltype,12.94745806
8.36,1,1,1,0,13,den_temp_soiltype,13.20612171
8.37,1,1,1,0,13,den_temp_soiltype,12.95504193
8.38,1,1,1,0,13,den_temp_soiltype,13.01464527
8.39,1,1,1,0,13,den_temp_soiltype,13.0571782
8.4,1,1,1,0,13,den_temp_soiltype,13.10173188
8.41,1,1,1,0,13,den_temp_soiltype,12.95984901
8.42,1,1,1,0,13,den_temp_soiltype,13.35189485
8.43,1,1,1,0,13,den_temp_soiltype,12.8608758
8.44,1,1,1,0,13,den_temp_soiltype,12.78601642
8.45,1,1,1,0,13,den_temp_soiltype,13.0063454
8.46,1,1,1,0,13,den_temp_soiltype,13.26511652
8.47,1,1,1,0,13,den_temp_soiltype,13.00791255
8.48,1,1,1,0,13,den_temp_soiltype,13.01645891
8.49,1,1,1,0,13,den_temp_soiltype,13.12948039
8.5,1,1,1,0,13,den_temp_soiltype,12.98515402
8.51,1,1,1,0,13,den_temp_soiltype,13.01555448
8.52,1,1,1,0,13,den_temp_soiltype,13.18127273
8.53,1,1,1,0,13,den_temp_soiltype,13.0140619
8.54,1,1,1,0,13,den_temp_soiltype,12.88717052
8.55,1,1,1,0,13,den_temp_soiltype,13.05923863
8.56,1,1,1,0,13,den_temp_soiltype,12.83627193
8.57,1,1,1,0,13,den_temp_soiltype,12.78125614
8.58,1,1,1,0,13,den_temp_soiltype,12.98159316
8.59,1,1,1,0,13,den_temp_soiltype,12.83486062
8.6,1,1,1,0,13,den_temp_soiltype,13.08713846
8.61,1,1,1,0,13,den_temp_soiltype,12.97795788
8.62,1,1,1,0,13,den_temp_soiltype,12.88504981
8.63,1,1,1,0,13,den_temp_soiltype,13.24343464
8.64,1,1,1,0,13,den_temp_soiltype,12.98350892
8.65,1,1,1,0,13,den_temp_soiltype,13.21325573
8.66,1,1,1,0,13,den_temp_soiltype,12.98298684
8.67,1,1,1,0,13,den_temp_soiltype,12.95060786
8.68,1,1,1,0,13,den_temp_soiltype,13.05601915
8.69,1,1,1,0,13,den_temp_soiltype,13.15448322
8.7,1,1,1,0,13,den_temp_soiltype,13.40586626
8.71,1,1,1,0,13,den_temp_soiltype,12.84475812
8.72,1,1,1,0,13,den_temp_soiltype,12.97248552
8.73,1,1,1,0,13,den_temp_soiltype,13.1616657
8.74,1,1,1,0,13,den_temp_soiltype,13.05124303
8.75,1,1,1,0,13,den_temp_soiltype,12.97189846
8.76,1,1,1,0,13,den_temp_soiltype,12.80457113
8.77,1,1,1,0,13,den_temp_soiltype,12.95820126
8.78,1,1,1,0,13,den_temp_soiltype,12.97228691
8.79,1,1,1,0,13,den_temp_soiltype,12.98773338
8.8,1,1,1,0,13,den_temp_soiltype,13.24183627
8.81,1,1,1,0,13,den_temp_soiltype,12.93070902
8.82,1,1,1,0,13,den_temp_soiltype,12.76359245
8.83,1,1,1,0,13,den_temp_soiltype,13.07446496
8.84,1,1,1,0,13,den_temp_soiltype,12.98320693
8.85,1,1,1,0,13,den_temp_soiltype,12.96934804
8.86,1,1,1,0,13,den_temp_soiltype,13.09533522
8.87,1,1,1,0,13,den_temp_soiltype,12.56399891
8.88,1,1,1,0,13,den_temp_soiltype,12.91695126
8.89,1,1,1,0,13,den_temp_soiltype,12.97698223
8.9,1,1,1,0,13,den_temp_soiltype,13.09079358
8.91,1,1,1,0,13,den_temp_soiltype,12.96084901
8.92,1,1,1,0,13,den_temp_soiltype,12.84922923
8.93,1,1,1,0,13,den_temp_soiltype,13.05588492
8.94,1,1,1,0,13,den_temp_soiltype,13.00291693
8.95,1,1,1,0,13,den_temp_soiltype,13.01657932
8.96,1,1,1,0,13,den_temp_soiltype,13.17348557
8.97,1,1,1,0,13,den_temp_soiltype,12.91866693
8.98,1,1,1,0,13,den_temp_soiltype,12.81261981
8.99,1,1,1,0,13,den_temp_soiltype,12.80799811
9,0,0,0,1,52.5,soiltreat,52.34641008
9.1,0,0,0,1,52.5,soiltreat,52.29185241
9.2,0,0,0,1,52.5,soiltreat,52.49261683
9.3,0,0,0,1,52.5,soiltreat,52.77164411
9.4,0,0,0,1,52.5,soiltreat,52.48507349
9.5,0,0,0,1,52.5,soiltreat,52.61658557
9.6,0,0,0,1,52.5,soiltreat,52.33461055
9.7,0,0,0,1,52.5,soiltreat,52.46675328
9.8,0,0,0,1,52.5,soiltreat,52.58491424
9.9,0,0,0,1,52.5,soiltreat,52.4467561
9.1,0,0,0,1,52.5,soiltreat,52.61778939
9.11,0,0,0,1,52.5,soiltreat,52.60410711
9.12,0,0,0,1,52.5,soiltreat,52.40509052
9.13,0,0,0,1,52.5,soiltreat,52.3842062
9.14,0,0,0,1,52.5,soiltreat,52.85367261
9.15,0,0,0,1,52.5,soiltreat,52.4711176
9.16,0,0,0,1,52.5,soiltreat,52.5009929
9.17,0,0,0,1,52.5,soiltreat,52.4918181
9.18,0,0,0,1,52.5,soiltreat,52.41476897
9.19,0,0,0,1,52.5,soiltreat,52.36095361
9.2,0,0,0,1,52.5,soiltreat,52.32963972
9.21,0,0,0,1,52.5,soiltreat,52.63709435
9.22,0,0,0,1,52.5,soiltreat,52.35209058
9.23,0,0,0,1,52.5,soiltreat,52.60012281
9.24,0,0,0,1,52.5,soiltreat,52.71098932
9.25,0,0,0,1,52.5,soiltreat,52.67366684
9.26,0,0,0,1,52.5,soiltreat,52.47918702
9.27,0,0,0,1,52.5,soiltreat,52.41910172
9.28,0,0,0,1,52.5,soiltreat,52.33816598
9.29,0,0,0,1,52.5,soiltreat,52.49721568
9.3,0,0,0,1,52.5,soiltreat,52.46510765
9.31,0,0,0,1,52.5,soiltreat,52.52344403
9.32,0,0,0,1,52.5,soiltreat,52.40939854
9.33,0,0,0,1,52.5,soiltreat,52.59435527
9.34,0,0,0,1,52.5,soiltreat,52.60712544
9.35,0,0,0,1,52.5,soiltreat,52.66138292
9.36,0,0,0,1,52.5,soiltreat,52.83746333
9.37,0,0,0,1,52.5,soiltreat,52.52968359
9.38,0,0,0,1,52.5,soiltreat,52.41366805
9.39,0,0,0,1,52.5,soiltreat,52.48840187
9.4,0,0,0,1,52.5,soiltreat,52.25581202
9.41,0,0,0,1,52.5,soiltreat,52.51948847
9.42,0,0,0,1,52.5,soiltreat,52.43614903
9.43,0,0,0,1,52.5,soiltreat,52.56090176
9.44,0,0,0,1,52.5,soiltreat,52.45967847
9.45,0,0,0,1,52.5,soiltreat,52.29285232
9.46,0,0,0,1,52.5,soiltreat,52.5054875
9.47,0,0,0,1,52.5,soiltreat,52.29701332
9.48,0,0,0,1,52.5,soiltreat,52.63455093
9.49,0,0,0,1,52.5,soiltreat,52.22559604
9.5,0,0,0,1,52.5,soiltreat,52.47871846
9.51,0,0,0,1,52.5,soiltreat,52.56869727
9.52,0,0,0,1,52.5,soiltreat,52.27205737
9.53,0,0,0,1,52.5,soiltreat,52.7098583
9.54,0,0,0,1,52.5,soiltreat,52.36719912
9.55,0,0,0,1,52.5,soiltreat,52.42405046
9.56,0,0,0,1,52.5,soiltreat,52.52449982
9.57,0,0,0,1,52.5,soiltreat,52.44942842
9.58,0,0,0,1,52.5,soiltreat,52.34460727
9.59,0,0,0,1,52.5,soiltreat,52.56140069
9.6,0,0,0,1,52.5,soiltreat,52.42136648
9.61,0,0,0,1,52.5,soiltreat,52.57597506
9.62,0,0,0,1,52.5,soiltreat,52.42429157
9.63,0,0,0,1,52.5,soiltreat,52.35641245
9.64,0,0,0,1,52.5,soiltreat,52.48580485
9.65,0,0,0,1,52.5,soiltreat,52.5974159
9.66,0,0,0,1,52.5,soiltreat,52.53634827
9.67,0,0,0,1,52.5,soiltreat,52.49115989
9.68,0,0,0,1,52.5,soiltreat,52.20783089
9.69,0,0,0,1,52.5,soiltreat,52.71771654
9.7,0,0,0,1,52.5,soiltreat,52.49400905
9.71,0,0,0,1,52.5,soiltreat,52.37040035
9.72,0,0,0,1,52.5,soiltreat,52.46974646
9.73,0,0,0,1,52.5,soiltreat,52.53918833
9.74,0,0,0,1,52.5,soiltreat,52.27224729
9.75,0,0,0,1,52.5,soiltreat,52.60759629
9.76,0,0,0,1,52.5,soiltreat,52.53702491
9.77,0,0,0,1,52.5,soiltreat,52.68041506
9.78,0,0,0,1,52.5,soiltreat,52.64790589
9.79,0,0,0,1,52.5,soiltreat,52.41930891
9.8,0,0,0,1,52.5,soiltreat,52.42645759
9.81,0,0,0,1,52.5,soiltreat,52.35067257
9.82,0,0,0,1,52.5,soiltreat,52.44574456
9.83,0,0,0,1,52.5,soiltreat,52.64165322
9.84,0,0,0,1,52.5,soiltreat,52.76883105
9.85,0,0,0,1,52.5,soiltreat,52.63926141
9.86,0,0,0,1,52.5,soiltreat,52.22550935
9.87,0,0,0,1,52.5,soiltreat,52.62328172
9.88,0,0,0,1,52.5,soiltreat,52.65544031
9.89,0,0,0,1,52.5,soiltreat,52.59261302
9.9,0,0,0,1,52.5,soiltreat,52.37176045
9.91,0,0,0,1,52.5,soiltreat,52.65967658
9.92,0,0,0,1,52.5,soiltreat,52.60942222
9.93,0,0,0,1,52.5,soiltreat,52.59939849
9.94,0,0,0,1,52.5,soiltreat,52.44278892
9.95,0,0,0,1,52.5,soiltreat,52.62688377
9.96,0,0,0,1,52.5,soiltreat,52.51673878
9.97,0,0,0,1,52.5,soiltreat,52.48983446
9.98,0,0,0,1,52.5,soiltreat,52.72306471
9.99,0,0,0,1,52.5,soiltreat,52.61358351
10,1,0,0,1,41,den_soiltreat,40.56889363
10.1,1,0,0,1,41,den_soiltreat,40.93601863
10.2,1,0,0,1,41,den_soiltreat,40.77688906
10.3,1,0,0,1,41,den_soiltreat,41.08831875
10.4,1,0,0,1,41,den_soiltreat,40.93361007
10.5,1,0,0,1,41,den_soiltreat,41.13519572
10.6,1,0,0,1,41,den_soiltreat,41.07017425
10.7,1,0,0,1,41,den_soiltreat,41.00330605
10.8,1,0,0,1,41,den_soiltreat,40.98723383
10.9,1,0,0,1,41,den_soiltreat,40.94580993
10.1,1,0,0,1,41,den_soiltreat,41.02992598
10.11,1,0,0,1,41,den_soiltreat,40.83376186
10.12,1,0,0,1,41,den_soiltreat,41.10091911
10.13,1,0,0,1,41,den_soiltreat,40.94088295
10.14,1,0,0,1,41,den_soiltreat,40.88840486
10.15,1,0,0,1,41,den_soiltreat,40.95108298
10.16,1,0,0,1,41,den_soiltreat,41.28120032
10.17,1,0,0,1,41,den_soiltreat,40.73630013
10.18,1,0,0,1,41,den_soiltreat,40.94767086
10.19,1,0,0,1,41,den_soiltreat,41.01598838
10.2,1,0,0,1,41,den_soiltreat,40.91935118
10.21,1,0,0,1,41,den_soiltreat,40.93830963
10.22,1,0,0,1,41,den_soiltreat,41.05735225
10.23,1,0,0,1,41,den_soiltreat,41.03337711
10.24,1,0,0,1,41,den_soiltreat,40.89893682
10.25,1,0,0,1,41,den_soiltreat,41.08511494
10.26,1,0,0,1,41,den_soiltreat,41.02692255
10.27,1,0,0,1,41,den_soiltreat,41.10295126
10.28,1,0,0,1,41,den_soiltreat,40.80091045
10.29,1,0,0,1,41,den_soiltreat,40.88481253
10.3,1,0,0,1,41,den_soiltreat,40.97109462
10.31,1,0,0,1,41,den_soiltreat,41.14385768
10.32,1,0,0,1,41,den_soiltreat,40.9206453
10.33,1,0,0,1,41,den_soiltreat,40.84506695
10.34,1,0,0,1,41,den_soiltreat,41.11576182
10.35,1,0,0,1,41,den_soiltreat,41.0698035
10.36,1,0,0,1,41,den_soiltreat,40.81614934
10.37,1,0,0,1,41,den_soiltreat,41.30700159
10.38,1,0,0,1,41,den_soiltreat,41.22480117
10.39,1,0,0,1,41,den_soiltreat,40.79165764
10.4,1,0,0,1,41,den_soiltreat,41.32300647
10.41,1,0,0,1,41,den_soiltreat,40.74063249
10.42,1,0,0,1,41,den_soiltreat,41.01530637
10.43,1,0,0,1,41,den_soiltreat,40.82880813
10.44,1,0,0,1,41,den_soiltreat,40.94344864
10.45,1,0,0,1,41,den_soiltreat,40.94768269
10.46,1,0,0,1,41,den_soiltreat,41.04843276
10.47,1,0,0,1,41,den_soiltreat,40.83134906
10.48,1,0,0,1,41,den_soiltreat,40.58644254
10.49,1,0,0,1,41,den_soiltreat,40.98562834
10.5,1,0,0,1,41,den_soiltreat,40.88799503
10.51,1,0,0,1,41,den_soiltreat,41.03161721
10.52,1,0,0,1,41,den_soiltreat,40.87272353
10.53,1,0,0,1,41,den_soiltreat,41.11883971
10.54,1,0,0,1,41,den_soiltreat,41.00437811
10.55,1,0,0,1,41,den_soiltreat,41.0905082
10.56,1,0,0,1,41,den_soiltreat,40.85075898
10.57,1,0,0,1,41,den_soiltreat,40.96830013
10.58,1,0,0,1,41,den_soiltreat,41.05160316
10.59,1,0,0,1,41,den_soiltreat,40.98659322
10.6,1,0,0,1,41,den_soiltreat,41.24810562
10.61,1,0,0,1,41,den_soiltreat,40.70556369
10.62,1,0,0,1,41,den_soiltreat,41.11341883
10.63,1,0,0,1,41,den_soiltreat,41.0021628
10.64,1,0,0,1,41,den_soiltreat,41.14185707
10.65,1,0,0,1,41,den_soiltreat,40.98517873
10.66,1,0,0,1,41,den_soiltreat,40.58903686
10.67,1,0,0,1,41,den_soiltreat,41.06304588
10.68,1,0,0,1,41,den_soiltreat,40.96724311
10.69,1,0,0,1,41,den_soiltreat,40.8515967
10.7,1,0,0,1,41,den_soiltreat,40.90152967
10.71,1,0,0,1,41,den_soiltreat,41.00834953
10.72,1,0,0,1,41,den_soiltreat,41.36780952
10.73,1,0,0,1,41,den_soiltreat,41.02822604
10.74,1,0,0,1,41,den_soiltreat,40.85304554
10.75,1,0,0,1,41,den_soiltreat,41.28554157
10.76,1,0,0,1,41,den_soiltreat,40.93422203
10.77,1,0,0,1,41,den_soiltreat,40.87554109
10.78,1,0,0,1,41,den_soiltreat,40.8129153
10.79,1,0,0,1,41,den_soiltreat,40.89892863
10.8,1,0,0,1,41,den_soiltreat,41.29027509
10.81,1,0,0,1,41,den_soiltreat,41.13598422
10.82,1,0,0,1,41,den_soiltreat,41.11047902
10.83,1,0,0,1,41,den_soiltreat,41.0219938
10.84,1,0,0,1,41,den_soiltreat,41.04246812
10.85,1,0,0,1,41,den_soiltreat,41.08839151
10.86,1,0,0,1,41,den_soiltreat,41.03237742
10.87,1,0,0,1,41,den_soiltreat,41.02325799
10.88,1,0,0,1,41,den_soiltreat,41.143074
10.89,1,0,0,1,41,den_soiltreat,40.97512209
10.9,1,0,0,1,41,den_soiltreat,41.03825056
10.91,1,0,0,1,41,den_soiltreat,40.86537915
10.92,1,0,0,1,41,den_soiltreat,41.23759552
10.93,1,0,0,1,41,den_soiltreat,41.20891379
10.94,1,0,0,1,41,den_soiltreat,40.72816127
10.95,1,0,0,1,41,den_soiltreat,40.96755205
10.96,1,0,0,1,41,den_soiltreat,41.08247841
10.97,1,0,0,1,41,den_soiltreat,41.07241044
10.98,1,0,0,1,41,den_soiltreat,41.11412731
10.99,1,0,0,1,41,den_soiltreat,40.9331513
11,0,1,0,1,60,temp_soiltreat,59.81919999
11.1,0,1,0,1,60,temp_soiltreat,60.04522001
11.2,0,1,0,1,60,temp_soiltreat,59.76912822
11.3,0,1,0,1,60,temp_soiltreat,60.09530561
11.4,0,1,0,1,60,temp_soiltreat,60.10544277
11.5,0,1,0,1,60,temp_soiltreat,59.71411757
11.6,0,1,0,1,60,temp_soiltreat,60.14083822
11.7,0,1,0,1,60,temp_soiltreat,59.96632618
11.8,0,1,0,1,60,temp_soiltreat,59.89892748
11.9,0,1,0,1,60,temp_soiltreat,60.06686812
11.1,0,1,0,1,60,temp_soiltreat,60.19209257
11.11,0,1,0,1,60,temp_soiltreat,60.23476952
11.12,0,1,0,1,60,temp_soiltreat,59.81991809
11.13,0,1,0,1,60,temp_soiltreat,59.93434576
11.14,0,1,0,1,60,temp_soiltreat,60.02195722
11.15,0,1,0,1,60,temp_soiltreat,60.00990286
11.16,0,1,0,1,60,temp_soiltreat,59.9332446
11.17,0,1,0,1,60,temp_soiltreat,59.64868314
11.18,0,1,0,1,60,temp_soiltreat,59.95824264
11.19,0,1,0,1,60,temp_soiltreat,59.82272946
11.2,0,1,0,1,60,temp_soiltreat,60.00496879
11.21,0,1,0,1,60,temp_soiltreat,59.87434245
11.22,0,1,0,1,60,temp_soiltreat,59.98235834
11.23,0,1,0,1,60,temp_soiltreat,59.88877161
11.24,0,1,0,1,60,temp_soiltreat,59.93874795
11.25,0,1,0,1,60,temp_soiltreat,59.94333439
11.26,0,1,0,1,60,temp_soiltreat,60.19925501
11.27,0,1,0,1,60,temp_soiltreat,60.10746545
11.28,0,1,0,1,60,temp_soiltreat,59.96515662
11.29,0,1,0,1,60,temp_soiltreat,59.81606596
11.3,0,1,0,1,60,temp_soiltreat,60.15713071
11.31,0,1,0,1,60,temp_soiltreat,59.78453892
11.32,0,1,0,1,60,temp_soiltreat,59.82262966
11.33,0,1,0,1,60,temp_soiltreat,59.88356927
11.34,0,1,0,1,60,temp_soiltreat,59.85415297
11.35,0,1,0,1,60,temp_soiltreat,59.86445137
11.36,0,1,0,1,60,temp_soiltreat,60.19308059
11.37,0,1,0,1,60,temp_soiltreat,59.98407186
11.38,0,1,0,1,60,temp_soiltreat,59.89261936
11.39,0,1,0,1,60,temp_soiltreat,60.10075833
11.4,0,1,0,1,60,temp_soiltreat,60.02964504
11.41,0,1,0,1,60,temp_soiltreat,59.81698549
11.42,0,1,0,1,60,temp_soiltreat,59.91585523
11.43,0,1,0,1,60,temp_soiltreat,60.0800599
11.44,0,1,0,1,60,temp_soiltreat,60.29254732
11.45,0,1,0,1,60,temp_soiltreat,60.23729148
11.46,0,1,0,1,60,temp_soiltreat,60.12566813
11.47,0,1,0,1,60,temp_soiltreat,59.99803955
11.48,0,1,0,1,60,temp_soiltreat,59.74113061
11.49,0,1,0,1,60,temp_soiltreat,59.89037196
11.5,0,1,0,1,60,temp_soiltreat,59.96768792
11.51,0,1,0,1,60,temp_soiltreat,60.073531
11.52,0,1,0,1,60,temp_soiltreat,60.00890901
11.53,0,1,0,1,60,temp_soiltreat,60.00874681
11.54,0,1,0,1,60,temp_soiltreat,60.27575447
11.55,0,1,0,1,60,temp_soiltreat,60.05814763
11.56,0,1,0,1,60,temp_soiltreat,59.95791739
11.57,0,1,0,1,60,temp_soiltreat,59.93572234
11.58,0,1,0,1,60,temp_soiltreat,60.01429874
11.59,0,1,0,1,60,temp_soiltreat,59.87800029
11.6,0,1,0,1,60,temp_soiltreat,60.20522851
11.61,0,1,0,1,60,temp_soiltreat,59.9568696
11.62,0,1,0,1,60,temp_soiltreat,59.92071714
11.63,0,1,0,1,60,temp_soiltreat,59.86904806
11.64,0,1,0,1,60,temp_soiltreat,60.14038396
11.65,0,1,0,1,60,temp_soiltreat,59.8084099
11.66,0,1,0,1,60,temp_soiltreat,59.92968902
11.67,0,1,0,1,60,temp_soiltreat,60.04687744
11.68,0,1,0,1,60,temp_soiltreat,59.98375165
11.69,0,1,0,1,60,temp_soiltreat,60.03761856
11.7,0,1,0,1,60,temp_soiltreat,59.80257099
11.71,0,1,0,1,60,temp_soiltreat,59.93548868
11.72,0,1,0,1,60,temp_soiltreat,59.74438355
11.73,0,1,0,1,60,temp_soiltreat,59.8736794
11.74,0,1,0,1,60,temp_soiltreat,60.17223759
11.75,0,1,0,1,60,temp_soiltreat,60.03792473
11.76,0,1,0,1,60,temp_soiltreat,60.01279308
11.77,0,1,0,1,60,temp_soiltreat,59.85995608
11.78,0,1,0,1,60,temp_soiltreat,59.91647706
11.79,0,1,0,1,60,temp_soiltreat,59.84754445
11.8,0,1,0,1,60,temp_soiltreat,60.00802879
11.81,0,1,0,1,60,temp_soiltreat,60.11477004
11.82,0,1,0,1,60,temp_soiltreat,60.04487922
11.83,0,1,0,1,60,temp_soiltreat,59.90735764
11.84,0,1,0,1,60,temp_soiltreat,60.0829181
11.85,0,1,0,1,60,temp_soiltreat,60.05818627
11.86,0,1,0,1,60,temp_soiltreat,60.12648164
11.87,0,1,0,1,60,temp_soiltreat,59.93390586
11.88,0,1,0,1,60,temp_soiltreat,59.82309519
11.89,0,1,0,1,60,temp_soiltreat,59.98731464
11.9,0,1,0,1,60,temp_soiltreat,60.04541665
11.91,0,1,0,1,60,temp_soiltreat,60.23386406
11.92,0,1,0,1,60,temp_soiltreat,59.98955062
11.93,0,1,0,1,60,temp_soiltreat,60.06405591
11.94,0,1,0,1,60,temp_soiltreat,59.98751052
11.95,0,1,0,1,60,temp_soiltreat,60.32345966
11.96,0,1,0,1,60,temp_soiltreat,60.20069521
11.97,0,1,0,1,60,temp_soiltreat,59.96515433
11.98,0,1,0,1,60,temp_soiltreat,59.98088939
11.99,0,1,0,1,60,temp_soiltreat,59.99674719
12,1,1,0,1,44.5,den_temp_soiltreat,44.51698811
12.1,1,1,0,1,44.5,den_temp_soiltreat,44.41523569
12.2,1,1,0,1,44.5,den_temp_soiltreat,44.51210506
12.3,1,1,0,1,44.5,den_temp_soiltreat,44.39563429
12.4,1,1,0,1,44.5,den_temp_soiltreat,44.33556968
12.5,1,1,0,1,44.5,den_temp_soiltreat,44.62066608
12.6,1,1,0,1,44.5,den_temp_soiltreat,44.59849662
12.7,1,1,0,1,44.5,den_temp_soiltreat,44.4147954
12.8,1,1,0,1,44.5,den_temp_soiltreat,44.69091788
12.9,1,1,0,1,44.5,den_temp_soiltreat,44.47111841
12.1,1,1,0,1,44.5,den_temp_soiltreat,44.45745022
12.11,1,1,0,1,44.5,den_temp_soiltreat,44.35694924
12.12,1,1,0,1,44.5,den_temp_soiltreat,44.4963474
12.13,1,1,0,1,44.5,den_temp_soiltreat,44.47945211
12.14,1,1,0,1,44.5,den_temp_soiltreat,44.51012776
12.15,1,1,0,1,44.5,den_temp_soiltreat,44.56677525
12.16,1,1,0,1,44.5,den_temp_soiltreat,44.63599006
12.17,1,1,0,1,44.5,den_temp_soiltreat,44.54911158
12.18,1,1,0,1,44.5,den_temp_soiltreat,44.64888424
12.19,1,1,0,1,44.5,den_temp_soiltreat,44.65981009
12.2,1,1,0,1,44.5,den_temp_soiltreat,44.06042769
12.21,1,1,0,1,44.5,den_temp_soiltreat,44.44558394
12.22,1,1,0,1,44.5,den_temp_soiltreat,44.58548988
12.23,1,1,0,1,44.5,den_temp_soiltreat,44.33205468
12.24,1,1,0,1,44.5,den_temp_soiltreat,44.35590245
12.25,1,1,0,1,44.5,den_temp_soiltreat,44.54106047
12.26,1,1,0,1,44.5,den_temp_soiltreat,44.43378651
12.27,1,1,0,1,44.5,den_temp_soiltreat,44.24027683
12.28,1,1,0,1,44.5,den_temp_soiltreat,44.63587823
12.29,1,1,0,1,44.5,den_temp_soiltreat,44.37387405
12.3,1,1,0,1,44.5,den_temp_soiltreat,44.55795218
12.31,1,1,0,1,44.5,den_temp_soiltreat,44.56186452
12.32,1,1,0,1,44.5,den_temp_soiltreat,44.7281903
12.33,1,1,0,1,44.5,den_temp_soiltreat,44.52948464
12.34,1,1,0,1,44.5,den_temp_soiltreat,44.59984155
12.35,1,1,0,1,44.5,den_temp_soiltreat,44.67108866
12.36,1,1,0,1,44.5,den_temp_soiltreat,44.43904283
12.37,1,1,0,1,44.5,den_temp_soiltreat,44.2516658
12.38,1,1,0,1,44.5,den_temp_soiltreat,44.52143951
12.39,1,1,0,1,44.5,den_temp_soiltreat,44.69888715
12.4,1,1,0,1,44.5,den_temp_soiltreat,44.28905835
12.41,1,1,0,1,44.5,den_temp_soiltreat,44.65181974
12.42,1,1,0,1,44.5,den_temp_soiltreat,44.49098037
12.43,1,1,0,1,44.5,den_temp_soiltreat,44.51492221
12.44,1,1,0,1,44.5,den_temp_soiltreat,44.44761673
12.45,1,1,0,1,44.5,den_temp_soiltreat,44.65552799
12.46,1,1,0,1,44.5,den_temp_soiltreat,44.71362347
12.47,1,1,0,1,44.5,den_temp_soiltreat,44.73562732
12.48,1,1,0,1,44.5,den_temp_soiltreat,44.35488989
12.49,1,1,0,1,44.5,den_temp_soiltreat,44.61389288
12.5,1,1,0,1,44.5,den_temp_soiltreat,44.44357155
12.51,1,1,0,1,44.5,den_temp_soiltreat,44.35248859
12.52,1,1,0,1,44.5,den_temp_soiltreat,44.55848427
12.53,1,1,0,1,44.5,den_temp_soiltreat,44.49730739
12.54,1,1,0,1,44.5,den_temp_soiltreat,44.61875869
12.55,1,1,0,1,44.5,den_temp_soiltreat,44.76885968
12.56,1,1,0,1,44.5,den_temp_soiltreat,44.65550753
12.57,1,1,0,1,44.5,den_temp_soiltreat,44.39564716
12.58,1,1,0,1,44.5,den_temp_soiltreat,44.5209434
12.59,1,1,0,1,44.5,den_temp_soiltreat,44.71198682
12.6,1,1,0,1,44.5,den_temp_soiltreat,44.67616564
12.61,1,1,0,1,44.5,den_temp_soiltreat,44.26228276
12.62,1,1,0,1,44.5,den_temp_soiltreat,44.64196449
12.63,1,1,0,1,44.5,den_temp_soiltreat,44.44892289
12.64,1,1,0,1,44.5,den_temp_soiltreat,44.4061956
12.65,1,1,0,1,44.5,den_temp_soiltreat,44.33481967
12.66,1,1,0,1,44.5,den_temp_soiltreat,44.45323068
12.67,1,1,0,1,44.5,den_temp_soiltreat,44.60329848
12.68,1,1,0,1,44.5,den_temp_soiltreat,44.71529078
12.69,1,1,0,1,44.5,den_temp_soiltreat,44.52083606
12.7,1,1,0,1,44.5,den_temp_soiltreat,44.48904214
12.71,1,1,0,1,44.5,den_temp_soiltreat,44.46964961
12.72,1,1,0,1,44.5,den_temp_soiltreat,44.6430699
12.73,1,1,0,1,44.5,den_temp_soiltreat,44.33782098
12.74,1,1,0,1,44.5,den_temp_soiltreat,44.53750281
12.75,1,1,0,1,44.5,den_temp_soiltreat,44.6532433
12.76,1,1,0,1,44.5,den_temp_soiltreat,44.65927773
12.77,1,1,0,1,44.5,den_temp_soiltreat,44.56256053
12.78,1,1,0,1,44.5,den_temp_soiltreat,44.32564508
12.79,1,1,0,1,44.5,den_temp_soiltreat,44.37683729
12.8,1,1,0,1,44.5,den_temp_soiltreat,44.39192676
12.81,1,1,0,1,44.5,den_temp_soiltreat,44.2835092
12.82,1,1,0,1,44.5,den_temp_soiltreat,44.50600305
12.83,1,1,0,1,44.5,den_temp_soiltreat,44.683442
12.84,1,1,0,1,44.5,den_temp_soiltreat,44.13299591
12.85,1,1,0,1,44.5,den_temp_soiltreat,44.61375818
12.86,1,1,0,1,44.5,den_temp_soiltreat,44.46960075
12.87,1,1,0,1,44.5,den_temp_soiltreat,44.38462992
12.88,1,1,0,1,44.5,den_temp_soiltreat,44.61550132
12.89,1,1,0,1,44.5,den_temp_soiltreat,44.59725777
12.9,1,1,0,1,44.5,den_temp_soiltreat,44.51443261
12.91,1,1,0,1,44.5,den_temp_soiltreat,44.3620535
12.92,1,1,0,1,44.5,den_temp_soiltreat,44.39427073
12.93,1,1,0,1,44.5,den_temp_soiltreat,44.25741489
12.94,1,1,0,1,44.5,den_temp_soiltreat,44.78213409
12.95,1,1,0,1,44.5,den_temp_soiltreat,44.47666085
12.96,1,1,0,1,44.5,den_temp_soiltreat,44.38682294
12.97,1,1,0,1,44.5,den_temp_soiltreat,44.17585713
12.98,1,1,0,1,44.5,den_temp_soiltreat,44.43558075
12.99,1,1,0,1,44.5,den_temp_soiltreat,44.41763081
13,0,0,1,1,42.5,soiltype_soiltreat,42.28965262
13.1,0,0,1,1,42.5,soiltype_soiltreat,42.85759577
13.2,0,0,1,1,42.5,soiltype_soiltreat,42.63094165
13.3,0,0,1,1,42.5,soiltype_soiltreat,42.26965012
13.4,0,0,1,1,42.5,soiltype_soiltreat,42.67009629
13.5,0,0,1,1,42.5,soiltype_soiltreat,42.65672602
13.6,0,0,1,1,42.5,soiltype_soiltreat,42.5884746
13.7,0,0,1,1,42.5,soiltype_soiltreat,42.55986556
13.8,0,0,1,1,42.5,soiltype_soiltreat,42.52174238
13.9,0,0,1,1,42.5,soiltype_soiltreat,42.59287418
13.1,0,0,1,1,42.5,soiltype_soiltreat,42.34510713
13.11,0,0,1,1,42.5,soiltype_soiltreat,42.40259658
13.12,0,0,1,1,42.5,soiltype_soiltreat,42.34969891
13.13,0,0,1,1,42.5,soiltype_soiltreat,42.47511786
13.14,0,0,1,1,42.5,soiltype_soiltreat,42.52199844
13.15,0,0,1,1,42.5,soiltype_soiltreat,42.59030848
13.16,0,0,1,1,42.5,soiltype_soiltreat,42.57935833
13.17,0,0,1,1,42.5,soiltype_soiltreat,42.71685438
13.18,0,0,1,1,42.5,soiltype_soiltreat,42.58959639
13.19,0,0,1,1,42.5,soiltype_soiltreat,42.68844754
13.2,0,0,1,1,42.5,soiltype_soiltreat,42.66461631
13.21,0,0,1,1,42.5,soiltype_soiltreat,42.41173094
13.22,0,0,1,1,42.5,soiltype_soiltreat,42.61269519
13.23,0,0,1,1,42.5,soiltype_soiltreat,42.56802715
13.24,0,0,1,1,42.5,soiltype_soiltreat,42.51787674
13.25,0,0,1,1,42.5,soiltype_soiltreat,42.36449184
13.26,0,0,1,1,42.5,soiltype_soiltreat,42.58819737
13.27,0,0,1,1,42.5,soiltype_soiltreat,42.50955931
13.28,0,0,1,1,42.5,soiltype_soiltreat,42.44677462
13.29,0,0,1,1,42.5,soiltype_soiltreat,42.63837436
13.3,0,0,1,1,42.5,soiltype_soiltreat,42.64884881
13.31,0,0,1,1,42.5,soiltype_soiltreat,42.63103459
13.32,0,0,1,1,42.5,soiltype_soiltreat,42.10834348
13.33,0,0,1,1,42.5,soiltype_soiltreat,42.36540248
13.34,0,0,1,1,42.5,soiltype_soiltreat,42.6405853
13.35,0,0,1,1,42.5,soiltype_soiltreat,42.38819955
13.36,0,0,1,1,42.5,soiltype_soiltreat,42.56128094
13.37,0,0,1,1,42.5,soiltype_soiltreat,42.5274369
13.38,0,0,1,1,42.5,soiltype_soiltreat,42.66611034
13.39,0,0,1,1,42.5,soiltype_soiltreat,42.39344425
13.4,0,0,1,1,42.5,soiltype_soiltreat,42.49132964
13.41,0,0,1,1,42.5,soiltype_soiltreat,42.55173851
13.42,0,0,1,1,42.5,soiltype_soiltreat,42.69089817
13.43,0,0,1,1,42.5,soiltype_soiltreat,42.47339287
13.44,0,0,1,1,42.5,soiltype_soiltreat,42.5435609
13.45,0,0,1,1,42.5,soiltype_soiltreat,42.29857277
13.46,0,0,1,1,42.5,soiltype_soiltreat,42.5949575
13.47,0,0,1,1,42.5,soiltype_soiltreat,42.53102296
13.48,0,0,1,1,42.5,soiltype_soiltreat,42.5958961
13.49,0,0,1,1,42.5,soiltype_soiltreat,42.43839942
13.5,0,0,1,1,42.5,soiltype_soiltreat,42.75280349
13.51,0,0,1,1,42.5,soiltype_soiltreat,42.47902608
13.52,0,0,1,1,42.5,soiltype_soiltreat,42.51817081
13.53,0,0,1,1,42.5,soiltype_soiltreat,42.48414812
13.54,0,0,1,1,42.5,soiltype_soiltreat,42.62694573
13.55,0,0,1,1,42.5,soiltype_soiltreat,42.38473265
13.56,0,0,1,1,42.5,soiltype_soiltreat,42.53021936
13.57,0,0,1,1,42.5,soiltype_soiltreat,42.58618544
13.58,0,0,1,1,42.5,soiltype_soiltreat,42.31321402
13.59,0,0,1,1,42.5,soiltype_soiltreat,42.53415782
13.6,0,0,1,1,42.5,soiltype_soiltreat,42.41092969
13.61,0,0,1,1,42.5,soiltype_soiltreat,42.71432162
13.62,0,0,1,1,42.5,soiltype_soiltreat,42.60573471
13.63,0,0,1,1,42.5,soiltype_soiltreat,42.24122991
13.64,0,0,1,1,42.5,soiltype_soiltreat,42.63789272
13.65,0,0,1,1,42.5,soiltype_soiltreat,42.53266114
13.66,0,0,1,1,42.5,soiltype_soiltreat,42.41580129
13.67,0,0,1,1,42.5,soiltype_soiltreat,42.44666216
13.68,0,0,1,1,42.5,soiltype_soiltreat,42.30917868
13.69,0,0,1,1,42.5,soiltype_soiltreat,42.55792953
13.7,0,0,1,1,42.5,soiltype_soiltreat,42.25422153
13.71,0,0,1,1,42.5,soiltype_soiltreat,42.47896058
13.72,0,0,1,1,42.5,soiltype_soiltreat,42.56827634
13.73,0,0,1,1,42.5,soiltype_soiltreat,42.5125075
13.74,0,0,1,1,42.5,soiltype_soiltreat,42.628876
13.75,0,0,1,1,42.5,soiltype_soiltreat,42.50758222
13.76,0,0,1,1,42.5,soiltype_soiltreat,42.84634162
13.77,0,0,1,1,42.5,soiltype_soiltreat,42.37108052
13.78,0,0,1,1,42.5,soiltype_soiltreat,42.73086743
13.79,0,0,1,1,42.5,soiltype_soiltreat,42.25783007
13.8,0,0,1,1,42.5,soiltype_soiltreat,42.33840253
13.81,0,0,1,1,42.5,soiltype_soiltreat,42.36479592
13.82,0,0,1,1,42.5,soiltype_soiltreat,42.27183315
13.83,0,0,1,1,42.5,soiltype_soiltreat,42.72270408
13.84,0,0,1,1,42.5,soiltype_soiltreat,42.6550555
13.85,0,0,1,1,42.5,soiltype_soiltreat,42.70568997
13.86,0,0,1,1,42.5,soiltype_soiltreat,42.40866178
13.87,0,0,1,1,42.5,soiltype_soiltreat,42.51283956
13.88,0,0,1,1,42.5,soiltype_soiltreat,42.66777612
13.89,0,0,1,1,42.5,soiltype_soiltreat,42.65907947
13.9,0,0,1,1,42.5,soiltype_soiltreat,42.58402052
13.91,0,0,1,1,42.5,soiltype_soiltreat,42.52372213
13.92,0,0,1,1,42.5,soiltype_soiltreat,42.32537402
13.93,0,0,1,1,42.5,soiltype_soiltreat,42.54645293
13.94,0,0,1,1,42.5,soiltype_soiltreat,42.47322593
13.95,0,0,1,1,42.5,soiltype_soiltreat,42.40182131
13.96,0,0,1,1,42.5,soiltype_soiltreat,42.73642359
13.97,0,0,1,1,42.5,soiltype_soiltreat,42.39478944
13.98,0,0,1,1,42.5,soiltype_soiltreat,42.53643146
13.99,0,0,1,1,42.5,soiltype_soiltreat,42.57740536
14,1,0,1,1,22,den_soiltype_soiltreat,22.15767321
14.1,1,0,1,1,22,den_soiltype_soiltreat,22.05509566
14.2,1,0,1,1,22,den_soiltype_soiltreat,22.2959823
14.3,1,0,1,1,22,den_soiltype_soiltreat,22.06677051
14.4,1,0,1,1,22,den_soiltype_soiltreat,21.92672797
14.5,1,0,1,1,22,den_soiltype_soiltreat,22.01537673
14.6,1,0,1,1,22,den_soiltype_soiltreat,22.10036939
14.7,1,0,1,1,22,den_soiltype_soiltreat,21.67142368
14.8,1,0,1,1,22,den_soiltype_soiltreat,21.98566539
14.9,1,0,1,1,22,den_soiltype_soiltreat,22.00622886
14.1,1,0,1,1,22,den_soiltype_soiltreat,21.96420987
14.11,1,0,1,1,22,den_soiltype_soiltreat,22.00770528
14.12,1,0,1,1,22,den_soiltype_soiltreat,21.70122905
14.13,1,0,1,1,22,den_soiltype_soiltreat,22.05193544
14.14,1,0,1,1,22,den_soiltype_soiltreat,22.0004544
14.15,1,0,1,1,22,den_soiltype_soiltreat,21.92613572
14.16,1,0,1,1,22,den_soiltype_soiltreat,21.57033719
14.17,1,0,1,1,22,den_soiltype_soiltreat,21.93831809
14.18,1,0,1,1,22,den_soiltype_soiltreat,22.01773128
14.19,1,0,1,1,22,den_soiltype_soiltreat,21.98932588
14.2,1,0,1,1,22,den_soiltype_soiltreat,21.90869539
14.21,1,0,1,1,22,den_soiltype_soiltreat,22.04824679
14.22,1,0,1,1,22,den_soiltype_soiltreat,21.86342657
14.23,1,0,1,1,22,den_soiltype_soiltreat,22.10489216
14.24,1,0,1,1,22,den_soiltype_soiltreat,22.12385986
14.25,1,0,1,1,22,den_soiltype_soiltreat,22.14363151
14.26,1,0,1,1,22,den_soiltype_soiltreat,22.11982694
14.27,1,0,1,1,22,den_soiltype_soiltreat,21.94718092
14.28,1,0,1,1,22,den_soiltype_soiltreat,21.99625798
14.29,1,0,1,1,22,den_soiltype_soiltreat,22.18676101
14.3,1,0,1,1,22,den_soiltype_soiltreat,22.09164129
14.31,1,0,1,1,22,den_soiltype_soiltreat,22.05203245
14.32,1,0,1,1,22,den_soiltype_soiltreat,22.19187696
14.33,1,0,1,1,22,den_soiltype_soiltreat,21.90597312
14.34,1,0,1,1,22,den_soiltype_soiltreat,22.00378949
14.35,1,0,1,1,22,den_soiltype_soiltreat,22.19522635
14.36,1,0,1,1,22,den_soiltype_soiltreat,21.96253155
14.37,1,0,1,1,22,den_soiltype_soiltreat,22.02024975
14.38,1,0,1,1,22,den_soiltype_soiltreat,21.97799902
14.39,1,0,1,1,22,den_soiltype_soiltreat,22.18508959
14.4,1,0,1,1,22,den_soiltype_soiltreat,22.0203139
14.41,1,0,1,1,22,den_soiltype_soiltreat,22.01008604
14.42,1,0,1,1,22,den_soiltype_soiltreat,21.89781668
14.43,1,0,1,1,22,den_soiltype_soiltreat,21.93723056
14.44,1,0,1,1,22,den_soiltype_soiltreat,21.76461787
14.45,1,0,1,1,22,den_soiltype_soiltreat,22.06143798
14.46,1,0,1,1,22,den_soiltype_soiltreat,22.12717048
14.47,1,0,1,1,22,den_soiltype_soiltreat,21.79939235
14.48,1,0,1,1,22,den_soiltype_soiltreat,22.06020321
14.49,1,0,1,1,22,den_soiltype_soiltreat,22.04934038
14.5,1,0,1,1,22,den_soiltype_soiltreat,22.02929815
14.51,1,0,1,1,22,den_soiltype_soiltreat,22.01071939
14.52,1,0,1,1,22,den_soiltype_soiltreat,22.24523999
14.53,1,0,1,1,22,den_soiltype_soiltreat,22.04995106
14.54,1,0,1,1,22,den_soiltype_soiltreat,22.21027189
14.55,1,0,1,1,22,den_soiltype_soiltreat,22.06765255
14.56,1,0,1,1,22,den_soiltype_soiltreat,22.07309854
14.57,1,0,1,1,22,den_soiltype_soiltreat,21.91903938
14.58,1,0,1,1,22,den_soiltype_soiltreat,22.40363611
14.59,1,0,1,1,22,den_soiltype_soiltreat,21.99102759
14.6,1,0,1,1,22,den_soiltype_soiltreat,21.92537862
14.61,1,0,1,1,22,den_soiltype_soiltreat,22.05736257
14.62,1,0,1,1,22,den_soiltype_soiltreat,22.06137703
14.63,1,0,1,1,22,den_soiltype_soiltreat,22.10856189
14.64,1,0,1,1,22,den_soiltype_soiltreat,21.86276131
14.65,1,0,1,1,22,den_soiltype_soiltreat,21.97942224
14.66,1,0,1,1,22,den_soiltype_soiltreat,22.23614399
14.67,1,0,1,1,22,den_soiltype_soiltreat,21.92756234
14.68,1,0,1,1,22,den_soiltype_soiltreat,21.94657142
14.69,1,0,1,1,22,den_soiltype_soiltreat,22.09153334
14.7,1,0,1,1,22,den_soiltype_soiltreat,21.90909473
14.71,1,0,1,1,22,den_soiltype_soiltreat,22.1701768
14.72,1,0,1,1,22,den_soiltype_soiltreat,22.06337024
14.73,1,0,1,1,22,den_soiltype_soiltreat,22.01343246
14.74,1,0,1,1,22,den_soiltype_soiltreat,21.7612429
14.75,1,0,1,1,22,den_soiltype_soiltreat,21.94792495
14.76,1,0,1,1,22,den_soiltype_soiltreat,22.3051444
14.77,1,0,1,1,22,den_soiltype_soiltreat,21.95711423
14.78,1,0,1,1,22,den_soiltype_soiltreat,22.09815682
14.79,1,0,1,1,22,den_soiltype_soiltreat,21.86128786
14.8,1,0,1,1,22,den_soiltype_soiltreat,21.76139454
14.81,1,0,1,1,22,den_soiltype_soiltreat,22.10640977
14.82,1,0,1,1,22,den_soiltype_soiltreat,22.21739902
14.83,1,0,1,1,22,den_soiltype_soiltreat,21.76834295
14.84,1,0,1,1,22,den_soiltype_soiltreat,22.12691039
14.85,1,0,1,1,22,den_soiltype_soiltreat,22.04963987
14.86,1,0,1,1,22,den_soiltype_soiltreat,21.9450719
14.87,1,0,1,1,22,den_soiltype_soiltreat,22.26239275
14.88,1,0,1,1,22,den_soiltype_soiltreat,21.84922826
14.89,1,0,1,1,22,den_soiltype_soiltreat,21.98238411
14.9,1,0,1,1,22,den_soiltype_soiltreat,22.10027583
14.91,1,0,1,1,22,den_soiltype_soiltreat,21.8376289
14.92,1,0,1,1,22,den_soiltype_soiltreat,22.16589517
14.93,1,0,1,1,22,den_soiltype_soiltreat,21.98287699
14.94,1,0,1,1,22,den_soiltype_soiltreat,22.18437225
14.95,1,0,1,1,22,den_soiltype_soiltreat,21.99650548
14.96,1,0,1,1,22,den_soiltype_soiltreat,21.88973418
14.97,1,0,1,1,22,den_soiltype_soiltreat,21.79892278
14.98,1,0,1,1,22,den_soiltype_soiltreat,21.79404012
14.99,1,0,1,1,22,den_soiltype_soiltreat,21.97764144
15,0,1,1,1,42.5,temp_soiltype_soiltreat,42.19905861
15.1,0,1,1,1,42.5,temp_soiltype_soiltreat,42.26606472
15.2,0,1,1,1,42.5,temp_soiltype_soiltreat,42.79440524
15.3,0,1,1,1,42.5,temp_soiltype_soiltreat,42.47325227
15.4,0,1,1,1,42.5,temp_soiltype_soiltreat,42.7036431
15.5,0,1,1,1,42.5,temp_soiltype_soiltreat,42.74734881
15.6,0,1,1,1,42.5,temp_soiltype_soiltreat,42.51792269
15.7,0,1,1,1,42.5,temp_soiltype_soiltreat,42.50054309
15.8,0,1,1,1,42.5,temp_soiltype_soiltreat,42.52946652
15.9,0,1,1,1,42.5,temp_soiltype_soiltreat,42.60196093
15.1,0,1,1,1,42.5,temp_soiltype_soiltreat,42.62016873
15.11,0,1,1,1,42.5,temp_soiltype_soiltreat,42.19771991
15.12,0,1,1,1,42.5,temp_soiltype_soiltreat,42.5071094
15.13,0,1,1,1,42.5,temp_soiltype_soiltreat,42.59196449
15.14,0,1,1,1,42.5,temp_soiltype_soiltreat,42.47449723
15.15,0,1,1,1,42.5,temp_soiltype_soiltreat,42.53386393
15.16,0,1,1,1,42.5,temp_soiltype_soiltreat,42.63386062
15.17,0,1,1,1,42.5,temp_soiltype_soiltreat,42.47785804
15.18,0,1,1,1,42.5,temp_soiltype_soiltreat,42.73057735
15.19,0,1,1,1,42.5,temp_soiltype_soiltreat,42.5678929
15.2,0,1,1,1,42.5,temp_soiltype_soiltreat,42.26064586
15.21,0,1,1,1,42.5,temp_soiltype_soiltreat,42.47192521
15.22,0,1,1,1,42.5,temp_soiltype_soiltreat,42.58514517
15.23,0,1,1,1,42.5,temp_soiltype_soiltreat,42.52440187
15.24,0,1,1,1,42.5,temp_soiltype_soiltreat,42.29420255
15.25,0,1,1,1,42.5,temp_soiltype_soiltreat,42.21740712
15.26,0,1,1,1,42.5,temp_soiltype_soiltreat,42.48979295
15.27,0,1,1,1,42.5,temp_soiltype_soiltreat,42.60309604
15.28,0,1,1,1,42.5,temp_soiltype_soiltreat,42.39379989
15.29,0,1,1,1,42.5,temp_soiltype_soiltreat,42.55665159
15.3,0,1,1,1,42.5,temp_soiltype_soiltreat,42.58711366
15.31,0,1,1,1,42.5,temp_soiltype_soiltreat,42.64619391
15.32,0,1,1,1,42.5,temp_soiltype_soiltreat,42.58811788
15.33,0,1,1,1,42.5,temp_soiltype_soiltreat,42.53679182
15.34,0,1,1,1,42.5,temp_soiltype_soiltreat,42.26509944
15.35,0,1,1,1,42.5,temp_soiltype_soiltreat,42.42378078
15.36,0,1,1,1,42.5,temp_soiltype_soiltreat,42.62874183
15.37,0,1,1,1,42.5,temp_soiltype_soiltreat,42.56778001
15.38,0,1,1,1,42.5,temp_soiltype_soiltreat,42.36531436
15.39,0,1,1,1,42.5,temp_soiltype_soiltreat,42.54785167
15.4,0,1,1,1,42.5,temp_soiltype_soiltreat,42.48590532
15.41,0,1,1,1,42.5,temp_soiltype_soiltreat,42.68964625
15.42,0,1,1,1,42.5,temp_soiltype_soiltreat,42.4948986
15.43,0,1,1,1,42.5,temp_soiltype_soiltreat,42.44177465
15.44,0,1,1,1,42.5,temp_soiltype_soiltreat,42.46093178
15.45,0,1,1,1,42.5,temp_soiltype_soiltreat,42.36838482
15.46,0,1,1,1,42.5,temp_soiltype_soiltreat,42.69391271
15.47,0,1,1,1,42.5,temp_soiltype_soiltreat,42.52477818
15.48,0,1,1,1,42.5,temp_soiltype_soiltreat,42.40951894
15.49,0,1,1,1,42.5,temp_soiltype_soiltreat,42.55979059
15.5,0,1,1,1,42.5,temp_soiltype_soiltreat,42.62884282
15.51,0,1,1,1,42.5,temp_soiltype_soiltreat,42.43671313
15.52,0,1,1,1,42.5,temp_soiltype_soiltreat,42.45417667
15.53,0,1,1,1,42.5,temp_soiltype_soiltreat,42.4911218
15.54,0,1,1,1,42.5,temp_soiltype_soiltreat,42.19971917
15.55,0,1,1,1,42.5,temp_soiltype_soiltreat,42.52331546
15.56,0,1,1,1,42.5,temp_soiltype_soiltreat,42.50638433
15.57,0,1,1,1,42.5,temp_soiltype_soiltreat,42.46069412
15.58,0,1,1,1,42.5,temp_soiltype_soiltreat,42.34682101
15.59,0,1,1,1,42.5,temp_soiltype_soiltreat,42.65980357
15.6,0,1,1,1,42.5,temp_soiltype_soiltreat,42.43136137
15.61,0,1,1,1,42.5,temp_soiltype_soiltreat,42.52029559
15.62,0,1,1,1,42.5,temp_soiltype_soiltreat,42.81691814
15.63,0,1,1,1,42.5,temp_soiltype_soiltreat,42.41122495
15.64,0,1,1,1,42.5,temp_soiltype_soiltreat,42.39968932
15.65,0,1,1,1,42.5,temp_soiltype_soiltreat,42.52308181
15.66,0,1,1,1,42.5,temp_soiltype_soiltreat,42.45719126
15.67,0,1,1,1,42.5,temp_soiltype_soiltreat,42.42609553
15.68,0,1,1,1,42.5,temp_soiltype_soiltreat,42.56146573
15.69,0,1,1,1,42.5,temp_soiltype_soiltreat,42.53440347
15.7,0,1,1,1,42.5,temp_soiltype_soiltreat,42.33880616
15.71,0,1,1,1,42.5,temp_soiltype_soiltreat,42.29288737
15.72,0,1,1,1,42.5,temp_soiltype_soiltreat,42.58973499
15.73,0,1,1,1,42.5,temp_soiltype_soiltreat,42.3740797
15.74,0,1,1,1,42.5,temp_soiltype_soiltreat,42.35668624
15.75,0,1,1,1,42.5,temp_soiltype_soiltreat,42.68543271
15.76,0,1,1,1,42.5,temp_soiltype_soiltreat,42.51139762
15.77,0,1,1,1,42.5,temp_soiltype_soiltreat,42.41906406
15.78,0,1,1,1,42.5,temp_soiltype_soiltreat,42.61603072
15.79,0,1,1,1,42.5,temp_soiltype_soiltreat,42.69564508
15.8,0,1,1,1,42.5,temp_soiltype_soiltreat,42.6477665
15.81,0,1,1,1,42.5,temp_soiltype_soiltreat,42.34824177
15.82,0,1,1,1,42.5,temp_soiltype_soiltreat,42.40909565
15.83,0,1,1,1,42.5,temp_soiltype_soiltreat,42.54750891
15.84,0,1,1,1,42.5,temp_soiltype_soiltreat,42.29529633
15.85,0,1,1,1,42.5,temp_soiltype_soiltreat,42.44270506
15.86,0,1,1,1,42.5,temp_soiltype_soiltreat,42.49785609
15.87,0,1,1,1,42.5,temp_soiltype_soiltreat,42.49018728
15.88,0,1,1,1,42.5,temp_soiltype_soiltreat,42.53351486
15.89,0,1,1,1,42.5,temp_soiltype_soiltreat,42.52747733
15.9,0,1,1,1,42.5,temp_soiltype_soiltreat,42.63359919
15.91,0,1,1,1,42.5,temp_soiltype_soiltreat,42.49203922
15.92,0,1,1,1,42.5,temp_soiltype_soiltreat,42.37552128
15.93,0,1,1,1,42.5,temp_soiltype_soiltreat,42.48184564
15.94,0,1,1,1,42.5,temp_soiltype_soiltreat,42.46855129
15.95,0,1,1,1,42.5,temp_soiltype_soiltreat,42.50593843
15.96,0,1,1,1,42.5,temp_soiltype_soiltreat,42.72214853
15.97,0,1,1,1,42.5,temp_soiltype_soiltreat,42.58499901
15.98,0,1,1,1,42.5,temp_soiltype_soiltreat,42.76843705
15.99,0,1,1,1,42.5,temp_soiltype_soiltreat,42.66710718
16,1,1,1,1,13.5,all,13.76911118
16.1,1,1,1,1,13.5,all,13.29531767
16.2,1,1,1,1,13.5,all,13.393884
16.3,1,1,1,1,13.5,all,13.41655735
16.4,1,1,1,1,13.5,all,13.45348784
16.5,1,1,1,1,13.5,all,13.4435731
16.6,1,1,1,1,13.5,all,13.5687789
16.7,1,1,1,1,13.5,all,13.31082763
16.8,1,1,1,1,13.5,all,13.42088023
16.9,1,1,1,1,13.5,all,13.41647787
16.1,1,1,1,1,13.5,all,13.44383419
16.11,1,1,1,1,13.5,all,13.40934
16.12,1,1,1,1,13.5,all,13.68046906
16.13,1,1,1,1,13.5,all,13.61533099
16.14,1,1,1,1,13.5,all,13.53575265
16.15,1,1,1,1,13.5,all,13.28774578
16.16,1,1,1,1,13.5,all,13.94006616
16.17,1,1,1,1,13.5,all,13.64025386
16.18,1,1,1,1,13.5,all,13.68508268
16.19,1,1,1,1,13.5,all,13.21629229
16.2,1,1,1,1,13.5,all,13.46660231
16.21,1,1,1,1,13.5,all,13.61521913
16.22,1,1,1,1,13.5,all,13.55819305
16.23,1,1,1,1,13.5,all,13.59136995
16.24,1,1,1,1,13.5,all,13.58857779
16.25,1,1,1,1,13.5,all,13.43472889
16.26,1,1,1,1,13.5,all,13.46238452
16.27,1,1,1,1,13.5,all,13.36105959
16.28,1,1,1,1,13.5,all,13.66311537
16.29,1,1,1,1,13.5,all,13.20840612
16.3,1,1,1,1,13.5,all,13.45790693
16.31,1,1,1,1,13.5,all,13.62181163
16.32,1,1,1,1,13.5,all,13.46884445
16.33,1,1,1,1,13.5,all,13.7176136
16.34,1,1,1,1,13.5,all,13.62622398
16.35,1,1,1,1,13.5,all,13.37013933
16.36,1,1,1,1,13.5,all,13.49101833
16.37,1,1,1,1,13.5,all,13.50172967
16.38,1,1,1,1,13.5,all,13.54036672
16.39,1,1,1,1,13.5,all,13.42077592
16.4,1,1,1,1,13.5,all,13.40743892
16.41,1,1,1,1,13.5,all,13.46064412
16.42,1,1,1,1,13.5,all,13.63685208
16.43,1,1,1,1,13.5,all,13.66854159
16.44,1,1,1,1,13.5,all,13.40947204
16.45,1,1,1,1,13.5,all,13.50829851
16.46,1,1,1,1,13.5,all,13.34990124
16.47,1,1,1,1,13.5,all,13.38627318
16.48,1,1,1,1,13.5,all,13.40828463
16.49,1,1,1,1,13.5,all,13.30249166
16.5,1,1,1,1,13.5,all,13.19888775
16.51,1,1,1,1,13.5,all,13.61520032
16.52,1,1,1,1,13.5,all,13.5608642
16.53,1,1,1,1,13.5,all,13.37524262
16.54,1,1,1,1,13.5,all,13.64371137
16.55,1,1,1,1,13.5,all,13.77160789
16.56,1,1,1,1,13.5,all,13.11749783
16.57,1,1,1,1,13.5,all,13.67253826
16.58,1,1,1,1,13.5,all,13.68418405
16.59,1,1,1,1,13.5,all,13.52281547
16.6,1,1,1,1,13.5,all,13.42153743
16.61,1,1,1,1,13.5,all,13.334761
16.62,1,1,1,1,13.5,all,13.36804046
16.63,1,1,1,1,13.5,all,13.40449496
16.64,1,1,1,1,13.5,all,13.18411029
16.65,1,1,1,1,13.5,all,13.40306125
16.66,1,1,1,1,13.5,all,13.64801901
16.67,1,1,1,1,13.5,all,13.38676498
16.68,1,1,1,1,13.5,all,13.73478073
16.69,1,1,1,1,13.5,all,13.49249261
16.7,1,1,1,1,13.5,all,13.51665431
16.71,1,1,1,1,13.5,all,13.57132066
16.72,1,1,1,1,13.5,all,13.35914941
16.73,1,1,1,1,13.5,all,13.38389316
16.74,1,1,1,1,13.5,all,13.43646623
16.75,1,1,1,1,13.5,all,13.76593192
16.76,1,1,1,1,13.5,all,13.5639826
16.77,1,1,1,1,13.5,all,13.48582947
16.78,1,1,1,1,13.5,all,13.33251068
16.79,1,1,1,1,13.5,all,13.48688473
16.8,1,1,1,1,13.5,all,13.55887891
16.81,1,1,1,1,13.5,all,13.44590667
16.82,1,1,1,1,13.5,all,13.36680235
16.83,1,1,1,1,13.5,all,13.35803752
16.84,1,1,1,1,13.5,all,13.46701327
16.85,1,1,1,1,13.5,all,13.55133302
16.86,1,1,1,1,13.5,all,13.64548862
16.87,1,1,1,1,13.5,all,13.29968203
16.88,1,1,1,1,13.5,all,13.37986808
16.89,1,1,1,1,13.5,all,13.19298055
16.9,1,1,1,1,13.5,all,13.51650843
16.91,1,1,1,1,13.5,all,13.60741506
16.92,1,1,1,1,13.5,all,13.53811809
16.93,1,1,1,1,13.5,all,13.68431433
16.94,1,1,1,1,13.5,all,13.5875106
16.95,1,1,1,1,13.5,all,13.41193128
16.96,1,1,1,1,13.5,all,13.7169998
16.97,1,1,1,1,13.5,all,13.56650911
16.98,1,1,1,1,13.5,all,13.58669203
16.99,1,1,1,1,13.5,all,13.36172476