variable,species,avg
380nm,ACEGLA,-269.54226566666665
380nm,ACEMAC,-143.76070092592593
380nm,ALNRUB,-148.9573309
380nm,POPTRI,-308.52690866666666
380nm,THUPLI,-230.72382913333334
380nm,TSUHET,-240.95211933333331
381nm,ACEGLA,-272.4699038333333
381nm,ACEMAC,-145.3043338148148
381nm,ALNRUB,-150.69677313333332
381nm,POPTRI,-312.11311066666667
381nm,THUPLI,-233.01957033333335
381nm,TSUHET,-243.22964833333336
382nm,ACEGLA,-275.820004
382nm,ACEMAC,-147.2695476296296
382nm,ALNRUB,-152.56186893333333
382nm,POPTRI,-315.68998166666665
382nm,THUPLI,-235.82147006666668
382nm,TSUHET,-246.5691533333333
383nm,ACEGLA,-278.7743528333333
383nm,ACEMAC,-148.88561762962962
383nm,ALNRUB,-154.18561813333332
383nm,POPTRI,-318.90964933333333
383nm,THUPLI,-238.2132474
383nm,TSUHET,-249.22912433333332
384nm,ACEGLA,-281.15740983333336
384nm,ACEMAC,-149.99771474074075
384nm,ALNRUB,-155.46099963333333
384nm,POPTRI,-321.6136073333334
384nm,THUPLI,-240.01295686666666
384nm,TSUHET,-250.90806200000003
385nm,ACEGLA,-286.87643733333334
385nm,ACEMAC,-152.9093748888889
385nm,ALNRUB,-158.54167406666667
385nm,POPTRI,-327.8872446666667
385nm,THUPLI,-244.62786133333333
385nm,TSUHET,-255.71793033333333
386nm,ACEGLA,-295.4316415
386nm,ACEMAC,-157.3509532962963
386nm,ALNRUB,-163.15712763333332
386nm,POPTRI,-337.195638
386nm,THUPLI,-251.63608446666666
386nm,TSUHET,-263.1894953333333
387nm,ACEGLA,-299.41356616666667
387nm,ACEMAC,-159.26834692592593
387nm,ALNRUB,-165.3199899
387nm,POPTRI,-341.2601853333333
387nm,THUPLI,-254.8063634
387nm,TSUHET,-266.323152
388nm,ACEGLA,-301.16171783333334
388nm,ACEMAC,-159.9528344074074
388nm,ALNRUB,-166.2849051
388nm,POPTRI,-342.763434
388nm,THUPLI,-256.10204266666665
388nm,TSUHET,-267.338007
389nm,ACEGLA,-307.70194033333337
389nm,ACEMAC,-163.54676107407408
389nm,ALNRUB,-170.02596183333333
389nm,POPTRI,-350.5653676666667
389nm,THUPLI,-261.6966122
389nm,TSUHET,-273.51752999999997
390nm,ACEGLA,-315.4149816666667
390nm,ACEMAC,-167.85277274074073
390nm,ALNRUB,-174.44646616666665
390nm,POPTRI,-359.9088806666667
390nm,THUPLI,-268.343322
390nm,TSUHET,-280.96108
391nm,ACEGLA,-318.6626081666667
391nm,ACEMAC,-169.47564944444446
391nm,ALNRUB,-176.20863413333333
391nm,POPTRI,-363.23961133333336
391nm,THUPLI,-270.80236593333336
391nm,TSUHET,-283.15760966666664
392nm,ACEGLA,-322.2206541666667
392nm,ACEMAC,-171.25417992592594
392nm,ALNRUB,-178.15167243333332
392nm,POPTRI,-366.9029046666667
392nm,THUPLI,-273.51672213333336
392nm,TSUHET,-285.603044
393nm,ACEGLA,-334.46894266666663
393nm,ACEMAC,-177.8226398148148
393nm,ALNRUB,-185.21329693333334
393nm,POPTRI,-381.0725493333333
393nm,THUPLI,-283.8798952
393nm,TSUHET,-296.63915499999996
394nm,ACEGLA,-347.8627773333333
394nm,ACEMAC,-184.96420625925927
394nm,ALNRUB,-192.87148403333333
394nm,POPTRI,-396.444505
394nm,THUPLI,-295.1603015333333
394nm,TSUHET,-308.7081206666667
395nm,ACEGLA,-365.8780215
395nm,ACEMAC,-194.41780488888887
395nm,ALNRUB,-202.93633156666667
395nm,POPTRI,-416.66689233333335
395nm,THUPLI,-310.1409992
395nm,TSUHET,-324.94407433333333
396nm,ACEGLA,-383.4227505
396nm,ACEMAC,-203.67699707407408
396nm,ALNRUB,-212.6726543
396nm,POPTRI,-436.37936033333335
396nm,THUPLI,-324.6506278
396nm,TSUHET,-340.3972616666666
397nm,ACEGLA,-400.01614149999995
397nm,ACEMAC,-212.54308644444444
397nm,ALNRUB,-221.7446974
397nm,POPTRI,-455.0607543333333
397nm,THUPLI,-338.20769993333334
397nm,TSUHET,-354.26760033333335
398nm,ACEGLA,-420.3427781666667
398nm,ACEMAC,-223.3633162962963
398nm,ALNRUB,-233.0584271
398nm,POPTRI,-478.43292733333334
398nm,THUPLI,-355.1552412
398nm,TSUHET,-371.85995033333336
399nm,ACEGLA,-444.9937635
399nm,ACEMAC,-236.44715144444444
399nm,ALNRUB,-246.96877816666665
399nm,POPTRI,-507.23861166666666
399nm,THUPLI,-376.03014626666663
399nm,TSUHET,-393.76363
400nm,ACEGLA,-466.79795866666666
400nm,ACEMAC,-247.8470521851852
400nm,ALNRUB,-259.10664273333333
400nm,POPTRI,-531.734114
400nm,THUPLI,-394.14110726666667
400nm,TSUHET,-413.209958
401nm,ACEGLA,-486.6730501666667
401nm,ACEMAC,-258.10582944444445
401nm,ALNRUB,-270.0433198333333
401nm,POPTRI,-553.3086926666667
401nm,THUPLI,-410.3791273333333
401nm,TSUHET,-430.99112599999995
402nm,ACEGLA,-507.81046533333335
402nm,ACEMAC,-269.38676788888887
402nm,ALNRUB,-281.89899963333335
402nm,POPTRI,-577.428972
402nm,THUPLI,-427.98096093333334
402nm,TSUHET,-449.4868443333333
403nm,ACEGLA,-529.4170243333333
403nm,ACEMAC,-281.0475416666667
403nm,ALNRUB,-294.096191
403nm,POPTRI,-602.4952393333333
403nm,THUPLI,-446.0896347333333
403nm,TSUHET,-468.2481416666667
404nm,ACEGLA,-540.6788823333333
404nm,ACEMAC,-286.9495395185185
404nm,ALNRUB,-300.53419443333337
404nm,POPTRI,-616.4750083333333
404nm,THUPLI,-455.3644725333333
404nm,TSUHET,-477.8823096666667
405nm,ACEGLA,-550.2905965
405nm,ACEMAC,-291.93290122222226
405nm,ALNRUB,-306.05352703333335
405nm,POPTRI,-628.68623
405nm,THUPLI,-463.2301544
405nm,TSUHET,-486.0605386666667
406nm,ACEGLA,-555.6422765
406nm,ACEMAC,-294.7523291111111
406nm,ALNRUB,-308.86177676666665
406nm,POPTRI,-634.062529
406nm,THUPLI,-467.1964538666667
406nm,TSUHET,-490.5552693333334
407nm,ACEGLA,-560.774706
407nm,ACEMAC,-297.4521233703704
407nm,ALNRUB,-311.58413136666667
407nm,POPTRI,-639.2230873333333
407nm,THUPLI,-471.0205404
407nm,TSUHET,-494.8818023333334
408nm,ACEGLA,-564.5531076666666
408nm,ACEMAC,-299.4086521481481
408nm,ALNRUB,-313.8028131333333
408nm,POPTRI,-643.1189933333334
408nm,THUPLI,-473.995509
408nm,TSUHET,-498.18027600000005
409nm,ACEGLA,-568.861341
409nm,ACEMAC,-301.595636037037
409nm,ALNRUB,-316.2927061666667
409nm,POPTRI,-647.8778609999999
409nm,THUPLI,-477.3426162
409nm,TSUHET,-501.84334599999994
410nm,ACEGLA,-574.6408141666667
410nm,ACEMAC,-304.42251785185186
410nm,ALNRUB,-319.53566739999997
410nm,POPTRI,-655.0326856666667
410nm,THUPLI,-481.72312900000003
410nm,TSUHET,-506.5187146666667
411nm,ACEGLA,-581.2487158333333
411nm,ACEMAC,-307.78410933333333
411nm,ALNRUB,-323.31435593333333
411nm,POPTRI,-662.5900423333333
411nm,THUPLI,-486.87786273333336
411nm,TSUHET,-512.0308236666667
412nm,ACEGLA,-589.101188
412nm,ACEMAC,-311.9489951111111
412nm,ALNRUB,-327.8978298
412nm,POPTRI,-670.751968
412nm,THUPLI,-493.1957478666667
412nm,TSUHET,-518.8001843333333
413nm,ACEGLA,-595.1238785
413nm,ACEMAC,-315.0545332962963
413nm,ALNRUB,-331.36852496666666
413nm,POPTRI,-677.4405623333334
413nm,THUPLI,-497.941854
413nm,TSUHET,-523.9112083333333
414nm,ACEGLA,-599.556149
414nm,ACEMAC,-317.23934144444445
414nm,ALNRUB,-333.8720329
414nm,POPTRI,-682.848552
414nm,THUPLI,-501.3218361333333
414nm,TSUHET,-527.580807
415nm,ACEGLA,-604.8448963333334
415nm,ACEMAC,-320.10929125925924
415nm,ALNRUB,-337.0286971
415nm,POPTRI,-689.0902333333333
415nm,THUPLI,-505.51600913333334
415nm,TSUHET,-531.9691783333333
416nm,ACEGLA,-610.5537885
416nm,ACEMAC,-323.31533566666667
416nm,ALNRUB,-340.50577453333335
416nm,POPTRI,-695.7408326666666
416nm,THUPLI,-510.10958006666664
416nm,TSUHET,-536.7101486666667
417nm,ACEGLA,-613.1223953333333
417nm,ACEMAC,-324.58590111111107
417nm,ALNRUB,-341.958014
417nm,POPTRI,-698.323426
417nm,THUPLI,-512.0535854666667
417nm,TSUHET,-538.9874156666667
418nm,ACEGLA,-614.9409115
418nm,ACEMAC,-325.3941413703704
418nm,ALNRUB,-342.92655343333337
418nm,POPTRI,-699.934309
418nm,THUPLI,-513.3646888666667
418nm,TSUHET,-540.676171
419nm,ACEGLA,-616.0769676666666
419nm,ACEMAC,-326.03935907407407
419nm,ALNRUB,-343.7745705
419nm,POPTRI,-701.3126583333334
419nm,THUPLI,-514.0221154666667
419nm,TSUHET,-541.53988
420nm,ACEGLA,-617.0946073333333
420nm,ACEMAC,-326.6320767037037
420nm,ALNRUB,-344.56095753333335
420nm,POPTRI,-702.5880293333333
420nm,THUPLI,-514.5881103333334
420nm,TSUHET,-542.308717
421nm,ACEGLA,-617.2331223333333
421nm,ACEMAC,-326.74163614814813
421nm,ALNRUB,-344.7328252
421nm,POPTRI,-702.857126
421nm,THUPLI,-514.5599474666667
421nm,TSUHET,-542.5600766666666
422nm,ACEGLA,-617.0131076666667
422nm,ACEMAC,-326.6287925925926
422nm,ALNRUB,-344.71526023333337
422nm,POPTRI,-702.645005
422nm,THUPLI,-514.192533
422nm,TSUHET,-542.3812593333333
423nm,ACEGLA,-615.5180553333333
423nm,ACEMAC,-325.7248065925926
423nm,ALNRUB,-344.02391386666665
423nm,POPTRI,-700.720924
423nm,THUPLI,-512.6183933333333
423nm,TSUHET,-540.6725946666667
424nm,ACEGLA,-612.0443443333334
424nm,ACEMAC,-323.77035233333334
424nm,ALNRUB,-342.1356353
424nm,POPTRI,-696.8337690000001
424nm,THUPLI,-509.371556
424nm,TSUHET,-537.2891986666666
425nm,ACEGLA,-605.0219205000001
425nm,ACEMAC,-319.93188692592594
425nm,ALNRUB,-338.10067836666667
425nm,POPTRI,-689.4258436666667
425nm,THUPLI,-503.12474806666665
425nm,TSUHET,-530.9021913333333
426nm,ACEGLA,-600.0544218333333
426nm,ACEMAC,-317.25144470370367
426nm,ALNRUB,-335.3459429
426nm,POPTRI,-683.599016
426nm,THUPLI,-498.7546595333333
426nm,TSUHET,-526.2876213333333
427nm,ACEGLA,-597.1655548333333
427nm,ACEMAC,-315.7423845925926
427nm,ALNRUB,-333.88617946666665
427nm,POPTRI,-679.3716006666666
427nm,THUPLI,-496.28297266666664
427nm,TSUHET,-523.4659186666667
428nm,ACEGLA,-597.6951386666667
428nm,ACEMAC,-315.93226166666665
428nm,ALNRUB,-334.2918326
428nm,POPTRI,-679.6076909999999
428nm,THUPLI,-496.3670181333333
428nm,TSUHET,-523.611479
429nm,ACEGLA,-600.1732685
429nm,ACEMAC,-317.09056151851854
429nm,ALNRUB,-335.76081393333334
429nm,POPTRI,-682.3880983333333
429nm,THUPLI,-497.9078733333333
429nm,TSUHET,-525.4484666666667
430nm,ACEGLA,-605.1758555
430nm,ACEMAC,-319.734606
430nm,ALNRUB,-338.6412132333333
430nm,POPTRI,-687.736324
430nm,THUPLI,-501.6638702
430nm,TSUHET,-529.6233473333333
431nm,ACEGLA,-610.9012951666667
431nm,ACEMAC,-322.804058037037
431nm,ALNRUB,-341.9257108333333
431nm,POPTRI,-693.8197403333334
431nm,THUPLI,-506.0541081333334
431nm,TSUHET,-534.4676086666667
432nm,ACEGLA,-617.5911161666667
432nm,ACEMAC,-326.26177277777776
432nm,ALNRUB,-345.78435393333336
432nm,POPTRI,-702.1423836666667
432nm,THUPLI,-511.4268518
432nm,TSUHET,-540.2468193333334
433nm,ACEGLA,-624.5231233333333
433nm,ACEMAC,-329.8433923703704
433nm,ALNRUB,-349.7849693333333
433nm,POPTRI,-710.737548
433nm,THUPLI,-517.0235892000001
433nm,TSUHET,-546.2783853333334
434nm,ACEGLA,-633.8943001666667
434nm,ACEMAC,-334.8190332962963
434nm,ALNRUB,-355.2038502666667
434nm,POPTRI,-720.482062
434nm,THUPLI,-524.7517065333334
434nm,TSUHET,-554.9487293333334
435nm,ACEGLA,-645.0871108333333
435nm,ACEMAC,-340.73683744444446
435nm,ALNRUB,-361.62501423333333
435nm,POPTRI,-732.6213643333333
435nm,THUPLI,-533.8946102666666
435nm,TSUHET,-565.0123236666666
436nm,ACEGLA,-663.4398291666668
436nm,ACEMAC,-350.35775033333334
436nm,ALNRUB,-371.98559743333334
436nm,POPTRI,-754.1731156666666
436nm,THUPLI,-548.5982020666667
436nm,TSUHET,-580.5518996666667
437nm,ACEGLA,-679.9487716666666
437nm,ACEMAC,-358.971568
437nm,ALNRUB,-381.2564410666667
437nm,POPTRI,-773.272421
437nm,THUPLI,-561.8281048666666
437nm,TSUHET,-594.624915
438nm,ACEGLA,-692.9739263333333
438nm,ACEMAC,-365.6823470740741
438nm,ALNRUB,-388.4681261333333
438nm,POPTRI,-787.7376079999999
438nm,THUPLI,-572.2733990666667
438nm,TSUHET,-605.9265896666667
439nm,ACEGLA,-704.6632988333333
439nm,ACEMAC,-371.8738359259259
439nm,ALNRUB,-395.0316389
439nm,POPTRI,-801.1781973333334
439nm,THUPLI,-581.6560788666667
439nm,TSUHET,-615.9069753333333
440nm,ACEGLA,-714.963262
440nm,ACEMAC,-377.5251448148148
440nm,ALNRUB,-400.92091546666666
440nm,POPTRI,-813.5529336666667
440nm,THUPLI,-589.9334222
440nm,TSUHET,-624.5128940000001
441nm,ACEGLA,-724.3217971666667
441nm,ACEMAC,-382.4376071851852
441nm,ALNRUB,-406.3001787333333
441nm,POPTRI,-823.711572
441nm,THUPLI,-597.3781478666667
441nm,TSUHET,-632.410389
442nm,ACEGLA,-733.1389663333333
442nm,ACEMAC,-386.9252099259259
442nm,ALNRUB,-411.3861036
442nm,POPTRI,-832.5959513333333
442nm,THUPLI,-604.3440892666666
442nm,TSUHET,-639.9004970000001
443nm,ACEGLA,-745.7602293333333
443nm,ACEMAC,-393.3667105185185
443nm,ALNRUB,-418.3803137
443nm,POPTRI,-846.438867
443nm,THUPLI,-614.3601833333333
443nm,TSUHET,-650.8056763333334
444nm,ACEGLA,-759.4513983333334
444nm,ACEMAC,-400.35775414814816
444nm,ALNRUB,-425.9112487333333
444nm,POPTRI,-861.676651
444nm,THUPLI,-625.2341577333333
444nm,TSUHET,-662.6714046666667
445nm,ACEGLA,-774.1013823333334
445nm,ACEMAC,-408.1175598888889
445nm,ALNRUB,-434.2588968333334
445nm,POPTRI,-878.4204530000001
445nm,THUPLI,-637.0430566
445nm,TSUHET,-674.9695526666667
446nm,ACEGLA,-788.29998
446nm,ACEMAC,-415.65036648148146
446nm,ALNRUB,-442.37527083333333
446nm,POPTRI,-894.6696803333332
446nm,THUPLI,-648.5082916
446nm,TSUHET,-686.8787816666667
447nm,ACEGLA,-795.919193
447nm,ACEMAC,-419.59268585185185
447nm,ALNRUB,-446.8002764666667
447nm,POPTRI,-903.2626819999999
447nm,THUPLI,-654.7628211333333
447nm,TSUHET,-693.506931
448nm,ACEGLA,-803.0839946666666
448nm,ACEMAC,-423.3157797777778
448nm,ALNRUB,-450.98065206666666
448nm,POPTRI,-911.3061226666666
448nm,THUPLI,-660.5875391333334
448nm,TSUHET,-699.6606766666667
449nm,ACEGLA,-808.6586506666667
449nm,ACEMAC,-426.2717645925926
449nm,ALNRUB,-454.3051067
449nm,POPTRI,-917.4264323333333
449nm,THUPLI,-664.9082466666666
449nm,TSUHET,-704.1543443333334
450nm,ACEGLA,-815.3190816666666
450nm,ACEMAC,-429.7945591851852
450nm,ALNRUB,-458.217762
450nm,POPTRI,-924.734619
450nm,THUPLI,-670.1709376
450nm,TSUHET,-709.7605466666668
451nm,ACEGLA,-823.818329
451nm,ACEMAC,-434.2772715185185
451nm,ALNRUB,-463.12662819999997
451nm,POPTRI,-934.0546986666667
451nm,THUPLI,-677.0289583333333
451nm,TSUHET,-717.2507893333333
452nm,ACEGLA,-830.7642923333334
452nm,ACEMAC,-438.0042604814815
452nm,ALNRUB,-467.16869533333335
452nm,POPTRI,-942.0987630000001
452nm,THUPLI,-682.5969301333333
452nm,TSUHET,-723.4078893333333
453nm,ACEGLA,-836.2823598333332
453nm,ACEMAC,-441.03659325925923
453nm,ALNRUB,-470.4139783
453nm,POPTRI,-948.9700293333334
453nm,THUPLI,-686.9791231333334
453nm,TSUHET,-728.33956
454nm,ACEGLA,-840.227379
454nm,ACEMAC,-443.0936378888889
454nm,ALNRUB,-472.7586215
454nm,POPTRI,-953.0635406666667
454nm,THUPLI,-690.0501972666666
454nm,TSUHET,-731.5773096666667
455nm,ACEGLA,-843.4039841666666
455nm,ACEMAC,-444.6743225185185
455nm,ALNRUB,-474.6633609666667
455nm,POPTRI,-955.8003933333333
455nm,THUPLI,-692.4809230666667
455nm,TSUHET,-733.9876806666667
456nm,ACEGLA,-845.2644475
456nm,ACEMAC,-445.6781397037037
456nm,ALNRUB,-475.8926132666667
456nm,POPTRI,-958.3198246666667
456nm,THUPLI,-693.8139642
456nm,TSUHET,-735.5073026666666
457nm,ACEGLA,-846.8429208333334
457nm,ACEMAC,-446.55834166666665
457nm,ALNRUB,-476.9771131
457nm,POPTRI,-960.792676
457nm,THUPLI,-694.9118000666666
457nm,TSUHET,-736.8360956666667
458nm,ACEGLA,-851.1732956666667
458nm,ACEMAC,-448.8433464074074
458nm,ALNRUB,-479.5005891
458nm,POPTRI,-965.2018656666667
458nm,THUPLI,-698.265662
458nm,TSUHET,-740.6728103333334
459nm,ACEGLA,-855.3774175
459nm,ACEMAC,-451.0578054074074
459nm,ALNRUB,-481.9329853333333
459nm,POPTRI,-969.4939816666667
459nm,THUPLI,-701.4849220666666
459nm,TSUHET,-744.3427516666667
460nm,ACEGLA,-858.2853388333333
460nm,ACEMAC,-452.5696144074074
460nm,ALNRUB,-483.5195639666667
460nm,POPTRI,-972.6850539999999
460nm,THUPLI,-703.4328986666667
460nm,TSUHET,-746.4843093333334
461nm,ACEGLA,-860.3295535
461nm,ACEMAC,-453.62501892592593
461nm,ALNRUB,-484.6996862666667
461nm,POPTRI,-975.0622010000001
461nm,THUPLI,-704.7572312
461nm,TSUHET,-747.9925716666665
462nm,ACEGLA,-860.200187
462nm,ACEMAC,-453.5318587037037
462nm,ALNRUB,-484.85683013333335
462nm,POPTRI,-975.3907626666667
462nm,THUPLI,-704.512125
462nm,TSUHET,-747.9072286666667
463nm,ACEGLA,-860.0212688333334
463nm,ACEMAC,-453.461134962963
463nm,ALNRUB,-484.94553843333335
463nm,POPTRI,-975.3986853333333
463nm,THUPLI,-704.2180651333333
463nm,TSUHET,-747.597689
464nm,ACEGLA,-859.779361
464nm,ACEMAC,-453.4189858888889
464nm,ALNRUB,-484.9470867
464nm,POPTRI,-974.9983703333332
464nm,THUPLI,-703.8616706666667
464nm,TSUHET,-747.0027289999999
465nm,ACEGLA,-859.8621321666667
465nm,ACEMAC,-453.4470928888889
465nm,ALNRUB,-485.0655487
465nm,POPTRI,-975.1024533333333
465nm,THUPLI,-703.6985672666667
465nm,TSUHET,-746.9637133333333
466nm,ACEGLA,-860.1644211666667
466nm,ACEMAC,-453.5227278148148
466nm,ALNRUB,-485.26309986666666
466nm,POPTRI,-975.547696
466nm,THUPLI,-703.6662062666667
466nm,TSUHET,-747.3007003333333
467nm,ACEGLA,-860.5756793333334
467nm,ACEMAC,-453.5343438518519
467nm,ALNRUB,-485.4340737
467nm,POPTRI,-975.632795
467nm,THUPLI,-703.5801327333334
467nm,TSUHET,-747.473899
468nm,ACEGLA,-861.0224738333334
468nm,ACEMAC,-453.52510285185184
468nm,ALNRUB,-485.59636593333335
468nm,POPTRI,-975.6004913333333
468nm,THUPLI,-703.4765849333334
468nm,TSUHET,-747.593742
469nm,ACEGLA,-862.2649465
469nm,ACEMAC,-454.2020430740741
469nm,ALNRUB,-486.4168631333334
469nm,POPTRI,-977.1843949999999
469nm,THUPLI,-704.2152864
469nm,TSUHET,-748.6664883333334
470nm,ACEGLA,-863.7189045
470nm,ACEMAC,-455.0146119259259
470nm,ALNRUB,-487.3821031
470nm,POPTRI,-979.0546106666666
470nm,THUPLI,-705.1560916
470nm,TSUHET,-749.933805
471nm,ACEGLA,-866.9050188333333
471nm,ACEMAC,-456.7232117777778
471nm,ALNRUB,-489.39398496666666
471nm,POPTRI,-982.6127976666666
471nm,THUPLI,-707.6520863333334
471nm,TSUHET,-752.5245573333333
472nm,ACEGLA,-870.4873735
472nm,ACEMAC,-458.57011962962963
472nm,ALNRUB,-491.5134361666667
472nm,POPTRI,-986.5039926666667
472nm,THUPLI,-710.3579919333333
472nm,TSUHET,-755.3872286666666
473nm,ACEGLA,-875.3712525
473nm,ACEMAC,-460.87124477777775
473nm,ALNRUB,-493.9861405666667
473nm,POPTRI,-991.489229
473nm,THUPLI,-713.7533128666666
473nm,TSUHET,-759.1431556666666
474nm,ACEGLA,-880.378079
474nm,ACEMAC,-463.30833496296293
474nm,ALNRUB,-496.67041670000003
474nm,POPTRI,-996.664383
474nm,THUPLI,-717.3905076
474nm,TSUHET,-763.1457673333333
475nm,ACEGLA,-885.572857
475nm,ACEMAC,-465.9534180740741
475nm,ALNRUB,-499.6782809333334
475nm,POPTRI,-1002.1298226666665
475nm,THUPLI,-721.3975804
475nm,TSUHET,-767.5257486666667
476nm,ACEGLA,-889.62704
476nm,ACEMAC,-468.1133546666667
476nm,ALNRUB,-502.181914
476nm,POPTRI,-1007.0705993333335
476nm,THUPLI,-724.6386494666667
476nm,TSUHET,-770.937615
477nm,ACEGLA,-892.7789805
477nm,ACEMAC,-469.8895808888889
477nm,ALNRUB,-504.28668646666665
477nm,POPTRI,-1011.5963350000001
477nm,THUPLI,-727.2738312666667
477nm,TSUHET,-773.5837963333333
478nm,ACEGLA,-893.6916225
478nm,ACEMAC,-470.25680014814816
478nm,ALNRUB,-504.74023289999997
478nm,POPTRI,-1012.5231916666665
478nm,THUPLI,-727.7026422666667
478nm,TSUHET,-773.9930860000001
479nm,ACEGLA,-893.7442338333334
479nm,ACEMAC,-470.0828842962963
479nm,ALNRUB,-504.5595600666667
479nm,POPTRI,-1012.0678463333333
479nm,THUPLI,-727.2840524
479nm,TSUHET,-773.5432950000001
480nm,ACEGLA,-888.92689
480nm,ACEMAC,-467.5795018148148
480nm,ALNRUB,-502.0128638333333
480nm,POPTRI,-1006.6294503333332
480nm,THUPLI,-723.1382731333333
480nm,TSUHET,-769.5413313333333
481nm,ACEGLA,-883.5637510000001
481nm,ACEMAC,-464.80414681481483
481nm,ALNRUB,-499.1878610333333
481nm,POPTRI,-1000.6166579999999
481nm,THUPLI,-718.567453
481nm,TSUHET,-765.093735
482nm,ACEGLA,-879.4110948333333
482nm,ACEMAC,-462.4185445925926
482nm,ALNRUB,-496.72276143333335
482nm,POPTRI,-995.5646526666668
482nm,THUPLI,-714.7969773333333
482nm,TSUHET,-760.7035256666667
483nm,ACEGLA,-875.6916875
483nm,ACEMAC,-460.346066
483nm,ALNRUB,-494.59385253333335
483nm,POPTRI,-991.059708
483nm,THUPLI,-711.4776504666667
483nm,TSUHET,-756.8990940000001
484nm,ACEGLA,-873.4914521666667
484nm,ACEMAC,-459.3714018888889
484nm,ALNRUB,-493.64375493333335
484nm,POPTRI,-988.473407
484nm,THUPLI,-709.740303
484nm,TSUHET,-755.1486006666667
485nm,ACEGLA,-871.21803
485nm,ACEMAC,-458.209823
485nm,ALNRUB,-492.5240708333333
485nm,POPTRI,-985.8455266666666
485nm,THUPLI,-707.7644040666667
485nm,TSUHET,-753.1560946666666
486nm,ACEGLA,-868.8306531666667
486nm,ACEMAC,-456.7568161111111
486nm,ALNRUB,-491.1399337666666
486nm,POPTRI,-983.152983
486nm,THUPLI,-705.4166116666667
486nm,TSUHET,-750.7862373333332
487nm,ACEGLA,-866.686031
487nm,ACEMAC,-455.63053474074076
487nm,ALNRUB,-490.0751528
487nm,POPTRI,-981.0689526666667
487nm,THUPLI,-703.5379310666667
487nm,TSUHET,-748.8265216666667
488nm,ACEGLA,-864.7316696666667
488nm,ACEMAC,-454.76016837037037
488nm,ALNRUB,-489.2605068666667
488nm,POPTRI,-979.4614776666666
488nm,THUPLI,-702.0266739333333
488nm,TSUHET,-747.1881520000001
489nm,ACEGLA,-865.774211
489nm,ACEMAC,-455.329866
489nm,ALNRUB,-489.999365
489nm,POPTRI,-980.3489059999999
489nm,THUPLI,-702.765164
489nm,TSUHET,-747.9253963333333
490nm,ACEGLA,-867.9135475
490nm,ACEMAC,-456.4266414814815
490nm,ALNRUB,-491.3068408333333
490nm,POPTRI,-982.1494673333333
490nm,THUPLI,-704.3270580666667
490nm,TSUHET,-749.5322606666667
491nm,ACEGLA,-874.4693854999999
491nm,ACEMAC,-460.06200714814815
491nm,ALNRUB,-495.1701705
491nm,POPTRI,-989.7085470000001
491nm,THUPLI,-709.5098213333333
491nm,TSUHET,-755.4883573333333
492nm,ACEGLA,-881.3199785
492nm,ACEMAC,-463.8509244074074
492nm,ALNRUB,-499.1933686
492nm,POPTRI,-997.6519073333333
492nm,THUPLI,-714.9310141333334
492nm,TSUHET,-761.7109373333334
493nm,ACEGLA,-886.1503841666666
493nm,ACEMAC,-466.29117196296295
493nm,ALNRUB,-501.9204481666667
493nm,POPTRI,-1002.9597916666665
493nm,THUPLI,-718.6575449333333
493nm,TSUHET,-765.6633173333333
494nm,ACEGLA,-889.6267586666667
494nm,ACEMAC,-468.07606000000004
494nm,ALNRUB,-503.9600432666667
494nm,POPTRI,-1006.8545376666667
494nm,THUPLI,-721.3422722666667
494nm,TSUHET,-768.5123576666666
495nm,ACEGLA,-889.1105124999999
495nm,ACEMAC,-467.92839988888886
495nm,ALNRUB,-503.97226656666663
495nm,POPTRI,-1006.5821266666666
495nm,THUPLI,-720.9549042666666
495nm,TSUHET,-768.1078563333333
496nm,ACEGLA,-888.5467603333333
496nm,ACEMAC,-467.67702344444444
496nm,ALNRUB,-503.76928506666667
496nm,POPTRI,-1006.0407853333332
496nm,THUPLI,-720.4355895333333
496nm,TSUHET,-767.5908253333333
497nm,ACEGLA,-887.9201251666666
497nm,ACEMAC,-467.2879025185185
497nm,ALNRUB,-503.2804488
497nm,POPTRI,-1005.1420606666667
497nm,THUPLI,-719.7409221333334
497nm,TSUHET,-766.924229
498nm,ACEGLA,-887.3645773333334
498nm,ACEMAC,-466.94319977777775
498nm,ALNRUB,-503.00334423333334
498nm,POPTRI,-1004.0847066666666
498nm,THUPLI,-719.0197084666667
498nm,TSUHET,-766.4583423333333
499nm,ACEGLA,-886.8549421666667
499nm,ACEMAC,-466.62723611111113
499nm,ALNRUB,-502.86331103333333
499nm,POPTRI,-1002.9246400000001
499nm,THUPLI,-718.2812729999999
499nm,TSUHET,-766.1222186666666
500nm,ACEGLA,-883.3036468333335
500nm,ACEMAC,-464.67458300000004
500nm,ALNRUB,-500.88270736666664
500nm,POPTRI,-998.7358786666666
500nm,THUPLI,-714.9833285333333
500nm,TSUHET,-762.9832666666666
501nm,ACEGLA,-878.9239699999999
501nm,ACEMAC,-462.2762006666667
501nm,ALNRUB,-498.400829
501nm,POPTRI,-993.7222923333334
501nm,THUPLI,-710.9882874666666
501nm,TSUHET,-759.0808713333332
502nm,ACEGLA,-878.4240881666667
502nm,ACEMAC,-461.9335213333334
502nm,ALNRUB,-498.0813785666667
502nm,POPTRI,-993.0048989999999
502nm,THUPLI,-710.5012358666667
502nm,TSUHET,-758.4520596666666
503nm,ACEGLA,-878.2338206666667
503nm,ACEMAC,-461.7668477037037
503nm,ALNRUB,-497.95717916666666
503nm,POPTRI,-992.6293923333335
503nm,THUPLI,-710.2655268
503nm,TSUHET,-758.1248956666666
504nm,ACEGLA,-879.0455588333333
504nm,ACEMAC,-462.19996792592593
504nm,ALNRUB,-498.52247896666665
504nm,POPTRI,-993.357978
504nm,THUPLI,-710.77053
504nm,TSUHET,-758.8770253333333
505nm,ACEGLA,-880.1976658333333
505nm,ACEMAC,-462.77907407407406
505nm,ALNRUB,-499.22245423333334
505nm,POPTRI,-994.4324353333333
505nm,THUPLI,-711.5326952666667
505nm,TSUHET,-759.943423
506nm,ACEGLA,-882.0393813333334
506nm,ACEMAC,-463.65394085185187
506nm,ALNRUB,-500.1952859333333
506nm,POPTRI,-996.2079990000001
506nm,THUPLI,-712.8159964
506nm,TSUHET,-761.6465523333334
507nm,ACEGLA,-883.3893945
507nm,ACEMAC,-464.27832044444443
507nm,ALNRUB,-500.9456897333333
507nm,POPTRI,-997.6160499999999
507nm,THUPLI,-713.7144226666667
507nm,TSUHET,-762.7656913333333
508nm,ACEGLA,-884.275533
508nm,ACEMAC,-464.66645859259256
508nm,ALNRUB,-501.48626716666666
508nm,POPTRI,-998.6775873333333
508nm,THUPLI,-714.2499119333334
508nm,TSUHET,-763.3340246666667
509nm,ACEGLA,-882.8642503333333
509nm,ACEMAC,-463.97672414814815
509nm,ALNRUB,-500.7807816
509nm,POPTRI,-997.0094506666666
509nm,THUPLI,-713.0613758666666
509nm,TSUHET,-762.1664906666666
510nm,ACEGLA,-880.4694406666666
510nm,ACEMAC,-462.8255281851852
510nm,ALNRUB,-499.54186756666667
510nm,POPTRI,-994.172492
510nm,THUPLI,-711.1347722
510nm,TSUHET,-760.2557896666666
511nm,ACEGLA,-875.4742601666667
511nm,ACEMAC,-460.1314841851852
511nm,ALNRUB,-496.7094255333334
511nm,POPTRI,-988.2892553333332
511nm,THUPLI,-707.0538938
511nm,TSUHET,-755.9593326666667
512nm,ACEGLA,-870.1898165
512nm,ACEMAC,-457.2772805925926
512nm,ALNRUB,-493.7047876
512nm,POPTRI,-982.0940143333333
512nm,THUPLI,-702.7204849999999
512nm,TSUHET,-751.407524
513nm,ACEGLA,-865.4128445
513nm,ACEMAC,-454.8647132962963
513nm,ALNRUB,-491.0728906
513nm,POPTRI,-976.8225466666667
513nm,THUPLI,-698.6495745333334
513nm,TSUHET,-747.4436976666667
514nm,ACEGLA,-861.2161120000001
514nm,ACEMAC,-452.76435792592594
514nm,ALNRUB,-488.7604824333333
514nm,POPTRI,-972.0105833333333
514nm,THUPLI,-695.1227401333333
514nm,TSUHET,-743.961847
515nm,ACEGLA,-858.6271418333333
515nm,ACEMAC,-451.5291373333333
515nm,ALNRUB,-487.33330236666666
515nm,POPTRI,-968.4713756666666
515nm,THUPLI,-693.1034523333334
515nm,TSUHET,-741.815308
516nm,ACEGLA,-856.8586796666666
516nm,ACEMAC,-450.5840637037037
516nm,ALNRUB,-486.34303243333335
516nm,POPTRI,-966.2318616666666
516nm,THUPLI,-691.6089294666666
516nm,TSUHET,-740.4610329999999
517nm,ACEGLA,-856.0674515000001
517nm,ACEMAC,-449.9845526666667
517nm,ALNRUB,-485.8730935
517nm,POPTRI,-965.5400056666666
517nm,THUPLI,-690.73935
517nm,TSUHET,-740.050195
518nm,ACEGLA,-856.5586079999999
518nm,ACEMAC,-450.19239792592595
518nm,ALNRUB,-486.1262271
518nm,POPTRI,-965.832528
518nm,THUPLI,-691.0504492
518nm,TSUHET,-740.506438
519nm,ACEGLA,-857.7435866666666
519nm,ACEMAC,-450.83703596296294
519nm,ALNRUB,-486.77053916666665
519nm,POPTRI,-966.657637
519nm,THUPLI,-692.0003376
519nm,TSUHET,-741.4318133333334
520nm,ACEGLA,-859.5376671666667
520nm,ACEMAC,-451.7535971481482
520nm,ALNRUB,-487.869119
520nm,POPTRI,-968.2462546666666
520nm,THUPLI,-693.4302324
520nm,TSUHET,-742.8856176666667
521nm,ACEGLA,-861.5790596666667
521nm,ACEMAC,-452.7941317037037
521nm,ALNRUB,-489.1230241
521nm,POPTRI,-970.123195
521nm,THUPLI,-695.0511824
521nm,TSUHET,-744.5577026666666
522nm,ACEGLA,-866.9655088333333
522nm,ACEMAC,-455.666364962963
522nm,ALNRUB,-492.14459493333334
522nm,POPTRI,-975.65077899999994
522nm,THUPLI,-699.2110716
522nm,TSUHET,-749.224482
523nm,ACEGLA,-872.5950584999999
523nm,ACEMAC,-458.6445132592592
523nm,ALNRUB,-495.3159119333333
523nm,POPTRI,-981.4441023333334
523nm,THUPLI,-703.5724188
523nm,TSUHET,-754.1303706666666
524nm,ACEGLA,-879.0138721666667
524nm,ACEMAC,-461.96652185185184
524nm,ALNRUB,-498.97345186666666
524nm,POPTRI,-988.100177
524nm,THUPLI,-708.5879463333333
524nm,TSUHET,-759.8128746666666
525nm,ACEGLA,-884.4878016666667
525nm,ACEMAC,-464.83275674074076
525nm,ALNRUB,-502.1654077
525nm,POPTRI,-993.9835356666666
525nm,THUPLI,-712.9307422
525nm,TSUHET,-764.661454
526nm,ACEGLA,-888.7291251666667
526nm,ACEMAC,-467.1044804074074
526nm,ALNRUB,-504.75001983333334
526nm,POPTRI,-998.8589203333332
526nm,THUPLI,-716.3959824666666
526nm,TSUHET,-768.4222540000001
527nm,ACEGLA,-891.713776
527nm,ACEMAC,-468.67497099999997
527nm,ALNRUB,-506.5125883
527nm,POPTRI,-1001.912513
527nm,THUPLI,-718.7990017999999
527nm,TSUHET,-770.9557173333334
528nm,ACEGLA,-893.9724036666667
528nm,ACEMAC,-469.8404045925926
528nm,ALNRUB,-507.8003215333334
528nm,POPTRI,-1003.9138543333333
528nm,THUPLI,-720.5884005333334
528nm,TSUHET,-772.7802196666668
529nm,ACEGLA,-896.065992
529nm,ACEMAC,-470.92535929629634
529nm,ALNRUB,-509.09484296666665
529nm,POPTRI,-1006.1019270000002
529nm,THUPLI,-722.2061198
529nm,TSUHET,-774.7035040000001
530nm,ACEGLA,-898.1790149999999
530nm,ACEMAC,-472.02220151851856
530nm,ALNRUB,-510.4111028
530nm,POPTRI,-1008.3775703333334
530nm,THUPLI,-723.8273388666667
530nm,TSUHET,-776.690327
531nm,ACEGLA,-901.6047163333333
531nm,ACEMAC,-473.8201657777778
531nm,ALNRUB,-512.2423964333334
531nm,POPTRI,-1011.9348826666668
531nm,THUPLI,-726.3924985333333
531nm,TSUHET,-779.7891053333333
532nm,ACEGLA,-904.6559921666666
532nm,ACEMAC,-475.4014490740741
532nm,ALNRUB,-513.9107714
532nm,POPTRI,-1015.1352673333333
532nm,THUPLI,-728.6715883333334
532nm,TSUHET,-782.4705916666667
533nm,ACEGLA,-906.5387943333333
533nm,ACEMAC,-476.30654855555554
533nm,ALNRUB,-515.0706828666666
533nm,POPTRI,-1017.221913
533nm,THUPLI,-730.0580514666667
533nm,TSUHET,-783.849904
534nm,ACEGLA,-907.2176949999999
534nm,ACEMAC,-476.6107641481481
534nm,ALNRUB,-515.5162072666667
534nm,POPTRI,-1017.9453246666667
534nm,THUPLI,-730.4605752666666
534nm,TSUHET,-784.276843
535nm,ACEGLA,-906.4173093333334
535nm,ACEMAC,-476.1765725925926
535nm,ALNRUB,-515.0838609
535nm,POPTRI,-1016.9935300000001
535nm,THUPLI,-729.6540481999999
535nm,TSUHET,-783.5334456666667
536nm,ACEGLA,-905.3582879999999
536nm,ACEMAC,-475.6750152592593
536nm,ALNRUB,-514.6140643333333
536nm,POPTRI,-1015.900593
536nm,THUPLI,-728.7669358
536nm,TSUHET,-782.8734653333332
537nm,ACEGLA,-904.1636471666666
537nm,ACEMAC,-475.13816348148146
537nm,ALNRUB,-514.1246617666667
537nm,POPTRI,-1014.7336286666667
537nm,THUPLI,-727.8375372666667
537nm,TSUHET,-782.2571863333334
538nm,ACEGLA,-904.1848375
538nm,ACEMAC,-475.1491213333333
538nm,ALNRUB,-514.1776743
538nm,POPTRI,-1014.2902133333334
538nm,THUPLI,-727.7034871333333
538nm,TSUHET,-782.0401019999999
539nm,ACEGLA,-904.3881031666666
539nm,ACEMAC,-475.2375447037037
539nm,ALNRUB,-514.3079717
539nm,POPTRI,-1014.0351426666665
539nm,THUPLI,-727.6819308
539nm,TSUHET,-781.8679053333334
540nm,ACEGLA,-904.5016076666667
540nm,ACEMAC,-475.23048292592597
540nm,ALNRUB,-514.3508301
540nm,POPTRI,-1014.7008553333334
540nm,THUPLI,-727.5220364666667
540nm,TSUHET,-781.485085
541nm,ACEGLA,-904.427097
541nm,ACEMAC,-475.1523804074074
541nm,ALNRUB,-514.2969067666667
541nm,POPTRI,-1014.780038
541nm,THUPLI,-727.2527523333333
541nm,TSUHET,-781.2301746666667
542nm,ACEGLA,-903.8878493333333
542nm,ACEMAC,-474.89868711111114
542nm,ALNRUB,-514.0038661
542nm,POPTRI,-1013.409735
542nm,THUPLI,-726.7130583333334
542nm,TSUHET,-781.2911200000001
543nm,ACEGLA,-903.9005985
543nm,ACEMAC,-474.8773886296296
543nm,ALNRUB,-514.0158930666666
543nm,POPTRI,-1013.3283163333334
543nm,THUPLI,-726.5192725333334
543nm,TSUHET,-781.3962936666666
544nm,ACEGLA,-904.4609703333333
544nm,ACEMAC,-475.0867374444444
544nm,ALNRUB,-514.3305914333333
544nm,POPTRI,-1014.5257760000001
544nm,THUPLI,-726.6686922
544nm,TSUHET,-781.5452753333333
545nm,ACEGLA,-905.5952053333333
545nm,ACEMAC,-475.6705
545nm,ALNRUB,-514.9818810333334
545nm,POPTRI,-1015.7848196666667
545nm,THUPLI,-727.6603984666666
545nm,TSUHET,-782.6596236666667
546nm,ACEGLA,-906.9555805
546nm,ACEMAC,-476.401843
546nm,ALNRUB,-515.7658475000001
546nm,POPTRI,-1017.068324
546nm,THUPLI,-728.9840628000001
546nm,TSUHET,-784.1544253333334
547nm,ACEGLA,-908.3455891666666
547nm,ACEMAC,-477.18603374074075
547nm,ALNRUB,-516.678317
547nm,POPTRI,-1018.7101596666666
547nm,THUPLI,-729.9658161333333
547nm,TSUHET,-785.1202079999999
548nm,ACEGLA,-909.6355535
548nm,ACEMAC,-477.8844725185185
548nm,ALNRUB,-517.5042339666667
548nm,POPTRI,-1020.1945143333334
548nm,THUPLI,-730.7980905333333
548nm,TSUHET,-785.9909066666667
549nm,ACEGLA,-910.359672
549nm,ACEMAC,-478.087673
549nm,ALNRUB,-517.8007206666667
549nm,POPTRI,-1020.6662413333333
549nm,THUPLI,-730.9358441333334
549nm,TSUHET,-786.5415556666667
550nm,ACEGLA,-910.5786899999999
550nm,ACEMAC,-478.1432510740741
550nm,ALNRUB,-517.8638866
550nm,POPTRI,-1020.8418506666667
550nm,THUPLI,-730.8759716666666
550nm,TSUHET,-786.7567133333333
551nm,ACEGLA,-909.9490663333333
551nm,ACEMAC,-477.95076962962963
551nm,ALNRUB,-517.5350781666667
551nm,POPTRI,-1020.5200263333332
551nm,THUPLI,-730.484127
551nm,TSUHET,-786.408358
552nm,ACEGLA,-909.0372018333335
552nm,ACEMAC,-477.45299525925924
552nm,ALNRUB,-517.1032754666667
552nm,POPTRI,-1019.5866659999999
552nm,THUPLI,-729.6911541333333
552nm,TSUHET,-785.6702733333333
553nm,ACEGLA,-907.9332711666667
553nm,ACEMAC,-476.7474085555556
553nm,ALNRUB,-516.6012970333334
553nm,POPTRI,-1018.2368849999999
553nm,THUPLI,-728.6250974666667
553nm,TSUHET,-784.6669693333334
554nm,ACEGLA,-906.6266263333333
554nm,ACEMAC,-475.9133398888889
554nm,ALNRUB,-515.7639286
554nm,POPTRI,-1016.1409126666666
554nm,THUPLI,-727.3336914666667
554nm,TSUHET,-783.289494
555nm,ACEGLA,-905.2753363333334
555nm,ACEMAC,-475.053790037037
555nm,ALNRUB,-514.8562451
555nm,POPTRI,-1013.9314493333335
555nm,THUPLI,-725.9936419333334
555nm,TSUHET,-781.8218866666667
556nm,ACEGLA,-903.9292278333334
556nm,ACEMAC,-474.2592641111111
556nm,ALNRUB,-514.0364075333333
556nm,POPTRI,-1012.8574029999999
556nm,THUPLI,-724.6827940666667
556nm,TSUHET,-780.1964173333333
557nm,ACEGLA,-902.5729801666668
557nm,ACEMAC,-473.50564592592593
557nm,ALNRUB,-513.2310796666667
557nm,POPTRI,-1011.6768233333332
557nm,THUPLI,-723.4292940666667
557nm,TSUHET,-778.7895376666667
558nm,ACEGLA,-901.1894838333333
558nm,ACEMAC,-472.86228762962963
558nm,ALNRUB,-512.4648717666666
558nm,POPTRI,-1010.2094510000001
558nm,THUPLI,-722.3303572
558nm,TSUHET,-777.9718459999999
559nm,ACEGLA,-899.6898133333333
559nm,ACEMAC,-472.01574403703705
559nm,ALNRUB,-511.5834408333333
559nm,POPTRI,-1008.3848683333333
559nm,THUPLI,-720.9952556000001
559nm,TSUHET,-776.7110533333333
560nm,ACEGLA,-898.0735861666667
560nm,ACEMAC,-470.965107962963
560nm,ALNRUB,-510.5862951666667
560nm,POPTRI,-1006.2017246666666
560nm,THUPLI,-719.4229938666667
560nm,TSUHET,-775.0053270000001
561nm,ACEGLA,-896.4987801666667
561nm,ACEMAC,-469.9939171851852
561nm,ALNRUB,-509.6297315
561nm,POPTRI,-1004.0120806666666
561nm,THUPLI,-717.9047316
561nm,TSUHET,-773.5503173333333
562nm,ACEGLA,-894.9393565
562nm,ACEMAC,-469.0522271851852
562nm,ALNRUB,-508.68825253333335
562nm,POPTRI,-1001.8199753333333
562nm,THUPLI,-716.4065528666667
562nm,TSUHET,-772.1884650000001
563nm,ACEGLA,-894.2820506666667
563nm,ACEMAC,-468.64203303703704
563nm,ALNRUB,-508.18102753333335
563nm,POPTRI,-1000.5602640000001
563nm,THUPLI,-715.492204
563nm,TSUHET,-771.0200426666667
564nm,ACEGLA,-893.5557655
564nm,ACEMAC,-468.18754944444447
564nm,ALNRUB,-507.66577359999997
564nm,POPTRI,-999.2445106666667
564nm,THUPLI,-714.5768334
564nm,TSUHET,-769.9034543333335
565nm,ACEGLA,-892.3930588333334
565nm,ACEMAC,-467.4607076666667
565nm,ALNRUB,-507.04450076666666
565nm,POPTRI,-997.5407653333334
565nm,THUPLI,-713.5595031333334
565nm,TSUHET,-768.9689863333334
566nm,ACEGLA,-891.5381295
566nm,ACEMAC,-466.9020517037037
566nm,ALNRUB,-506.57495723333335
566nm,POPTRI,-996.2898516666668
566nm,THUPLI,-712.7891925333333
566nm,TSUHET,-768.179773
567nm,ACEGLA,-891.0910156666667
567nm,ACEMAC,-466.56630714814816
567nm,ALNRUB,-506.3065764333333
567nm,POPTRI,-995.6392443333333
567nm,THUPLI,-712.3463898666666
567nm,TSUHET,-767.5830343333333
568nm,ACEGLA,-890.5734108333332
568nm,ACEMAC,-466.108817962963
568nm,ALNRUB,-505.89673466666665
568nm,POPTRI,-994.7129159999998
568nm,THUPLI,-711.6828071333333
568nm,TSUHET,-767.016943
569nm,ACEGLA,-890.0205353333333
569nm,ACEMAC,-465.5905534814815
569nm,ALNRUB,-505.4162745333333
569nm,POPTRI,-993.6488383333333
569nm,THUPLI,-710.9089828
569nm,TSUHET,-766.466123
570nm,ACEGLA,-889.7750643333334
570nm,ACEMAC,-465.294822037037
570nm,ALNRUB,-505.19033106666666
570nm,POPTRI,-992.7421956666667
570nm,THUPLI,-710.4334705333333
570nm,TSUHET,-765.9533193333333
571nm,ACEGLA,-889.6009203333333
571nm,ACEMAC,-465.0720238148148
571nm,ALNRUB,-505.03934499999997
571nm,POPTRI,-991.9006033333334
571nm,THUPLI,-710.0567769333334
571nm,TSUHET,-765.5036333333334
572nm,ACEGLA,-889.6561763333334
572nm,ACEMAC,-465.139904037037
572nm,ALNRUB,-505.1713316666667
572nm,POPTRI,-991.3433503333332
572nm,THUPLI,-710.075632
572nm,TSUHET,-765.3993833333334
573nm,ACEGLA,-889.9679131666667
573nm,ACEMAC,-465.2500072962963
573nm,ALNRUB,-505.3949419666667
573nm,POPTRI,-991.3946663333334
573nm,THUPLI,-710.2184906666668
573nm,TSUHET,-765.4462006666666
574nm,ACEGLA,-890.6833738333333
574nm,ACEMAC,-465.4265754074074
574nm,ALNRUB,-505.76279653333336
574nm,POPTRI,-992.4040646666667
574nm,THUPLI,-710.5565266
574nm,TSUHET,-765.730683
575nm,ACEGLA,-892.0142166666666
575nm,ACEMAC,-466.0726446296296
575nm,ALNRUB,-506.52188433333333
575nm,POPTRI,-993.8158576666666
575nm,THUPLI,-711.5044015999999
575nm,TSUHET,-766.6745016666666
576nm,ACEGLA,-893.70269
576nm,ACEMAC,-466.99148737037035
576nm,ALNRUB,-507.5082783666667
576nm,POPTRI,-995.4616309999999
576nm,THUPLI,-712.8065661333334
576nm,TSUHET,-768.0013686666667
577nm,ACEGLA,-895.3784175000001
577nm,ACEMAC,-467.6911191851852
577nm,ALNRUB,-508.3658564666666
577nm,POPTRI,-997.0135200000001
577nm,THUPLI,-714.0107865333333
577nm,TSUHET,-769.4740840000001
578nm,ACEGLA,-896.8871893333334
578nm,ACEMAC,-468.319281962963
578nm,ALNRUB,-509.1494806
578nm,POPTRI,-998.4642816666667
578nm,THUPLI,-715.0826582
578nm,TSUHET,-770.7689426666667
579nm,ACEGLA,-897.248335
579nm,ACEMAC,-468.66163892592596
579nm,ALNRUB,-509.54302026666664
579nm,POPTRI,-999.3023596666666
579nm,THUPLI,-715.3285822666667
579nm,TSUHET,-770.6862616666666
580nm,ACEGLA,-897.4255513333334
580nm,ACEMAC,-468.8495843333333
580nm,ALNRUB,-509.7896398
580nm,POPTRI,-999.6921606666666
580nm,THUPLI,-715.3864618666667
580nm,TSUHET,-770.4845253333333
581nm,ACEGLA,-897.2963726666667
581nm,ACEMAC,-468.7802168148148
581nm,ALNRUB,-509.791477
581nm,POPTRI,-999.3352293333332
581nm,THUPLI,-715.1311109333334
581nm,TSUHET,-770.0843779999999
582nm,ACEGLA,-896.0718131666666
582nm,ACEMAC,-468.15584144444443
582nm,ALNRUB,-509.21577483333334
582nm,POPTRI,-998.085176
582nm,THUPLI,-714.0220200666666
582nm,TSUHET,-768.8905756666667
583nm,ACEGLA,-894.1932025
583nm,ACEMAC,-467.20011833333336
583nm,ALNRUB,-508.2952559666667
583nm,POPTRI,-996.3020033333332
583nm,THUPLI,-712.4031753333334
583nm,TSUHET,-767.2228636666667
584nm,ACEGLA,-891.0354358333333
584nm,ACEMAC,-465.4906182222222
584nm,ALNRUB,-506.5443859
584nm,POPTRI,-992.4105686666667
584nm,THUPLI,-709.8052014666666
584nm,TSUHET,-764.5372503333334
585nm,ACEGLA,-887.6759778333334
585nm,ACEMAC,-463.645218
585nm,ALNRUB,-504.62867703333336
585nm,POPTRI,-988.1530780000002
585nm,THUPLI,-706.9955039333333
585nm,TSUHET,-761.6516113333333
586nm,ACEGLA,-884.1496788333333
586nm,ACEMAC,-461.59121007407407
586nm,ALNRUB,-502.3850568666667
586nm,POPTRI,-983.4042416666666
586nm,THUPLI,-703.6867063333334
586nm,TSUHET,-758.3772213333334
587nm,ACEGLA,-880.3740416666667
587nm,ACEMAC,-459.4816867407407
587nm,ALNRUB,-500.12494303333335
587nm,POPTRI,-978.6190953333335
587nm,THUPLI,-700.3824218
587nm,TSUHET,-755.0001146666666
588nm,ACEGLA,-876.2086126666667
588nm,ACEMAC,-457.2854712962963
588nm,ALNRUB,-497.8390455
588nm,POPTRI,-973.7774503333333
588nm,THUPLI,-697.0851845333333
588nm,TSUHET,-751.4625253333334
589nm,ACEGLA,-872.6095755
589nm,ACEMAC,-455.34958811111113
589nm,ALNRUB,-495.86181273333335
589nm,POPTRI,-969.5155026666667
589nm,THUPLI,-694.1205692
589nm,TSUHET,-748.2607743333333
590nm,ACEGLA,-869.3174290000001
590nm,ACEMAC,-453.5547487037037
590nm,ALNRUB,-494.05180583333333
590nm,POPTRI,-965.567723
590nm,THUPLI,-691.3361652666667
590nm,TSUHET,-745.2409816666666
591nm,ACEGLA,-866.824649
591nm,ACEMAC,-452.2597264074074
591nm,ALNRUB,-492.70244433333335
591nm,POPTRI,-962.6974143333333
591nm,THUPLI,-689.1646696
591nm,TSUHET,-742.9332396666666
592nm,ACEGLA,-864.9337370000001
592nm,ACEMAC,-451.27517903703705
592nm,ALNRUB,-491.65916973333333
592nm,POPTRI,-960.4365183333333
592nm,THUPLI,-687.468932
592nm,TSUHET,-741.142917
593nm,ACEGLA,-865.5734393333332
593nm,ACEMAC,-451.55357248148147
593nm,ALNRUB,-491.8766171
593nm,POPTRI,-960.6073613333333
593nm,THUPLI,-687.7828372666667
593nm,TSUHET,-741.5157373333333
594nm,ACEGLA,-866.8882325000001
594nm,ACEMAC,-452.2680721481481
594nm,ALNRUB,-492.6389910666667
594nm,POPTRI,-961.830885
594nm,THUPLI,-688.6711619333333
594nm,TSUHET,-742.493704
595nm,ACEGLA,-869.081029
595nm,ACEMAC,-453.54972499999997
595nm,ALNRUB,-494.1100082
595nm,POPTRI,-964.4231826666667
595nm,THUPLI,-690.3065939333334
595nm,TSUHET,-744.2587203333334
596nm,ACEGLA,-871.2142891666667
596nm,ACEMAC,-454.7696730740741
596nm,ALNRUB,-495.52418996666665
596nm,POPTRI,-967.0792846666667
596nm,THUPLI,-692.0880879333333
596nm,TSUHET,-746.0134683333334
597nm,ACEGLA,-873.3221051666667
597nm,ACEMAC,-455.9632256296297
597nm,ALNRUB,-496.9140931333333
597nm,POPTRI,-969.762612
597nm,THUPLI,-693.9320769999999
597nm,TSUHET,-747.7637910000001
598nm,ACEGLA,-875.2719753333333
598nm,ACEMAC,-457.0091419259259
598nm,ALNRUB,-498.0576379666667
598nm,POPTRI,-971.9569316666666
598nm,THUPLI,-695.2780626
598nm,TSUHET,-749.2676316666667
599nm,ACEGLA,-877.1327603333334
599nm,ACEMAC,-458.004308
599nm,ALNRUB,-499.14114363333334
599nm,POPTRI,-974.0666166666666
599nm,THUPLI,-696.6117721333334
599nm,TSUHET,-750.729753
600nm,ACEGLA,-878.7242328333334
600nm,ACEMAC,-458.85220477777773
600nm,ALNRUB,-500.05804066666667
600nm,POPTRI,-975.956451
600nm,THUPLI,-697.9587431333333
600nm,TSUHET,-752.084131
601nm,ACEGLA,-879.875685
601nm,ACEMAC,-459.55355874074075
601nm,ALNRUB,-500.9066122
601nm,POPTRI,-977.4067246666666
601nm,THUPLI,-698.9838907333333
601nm,TSUHET,-753.1730516666667
602nm,ACEGLA,-880.6022916666666
602nm,ACEMAC,-460.1135157037037
602nm,ALNRUB,-501.6892691
602nm,POPTRI,-978.4326560000001
602nm,THUPLI,-699.698421
602nm,TSUHET,-754.0056163333333
603nm,ACEGLA,-881.1310658333333
603nm,ACEMAC,-460.4802755555555
603nm,ALNRUB,-502.19876143333335
603nm,POPTRI,-979.333396
603nm,THUPLI,-700.0655194666666
603nm,TSUHET,-754.439635
604nm,ACEGLA,-881.6007053333334
604nm,ACEMAC,-460.7791706296296
604nm,ALNRUB,-502.6132614
604nm,POPTRI,-980.166769
604nm,THUPLI,-700.3270134666667
604nm,TSUHET,-754.7566033333334
605nm,ACEGLA,-882.0048345
605nm,ACEMAC,-460.8468551851852
605nm,ALNRUB,-502.7160960333333
605nm,POPTRI,-980.4655903333332
605nm,THUPLI,-700.4429219333333
605nm,TSUHET,-754.9750226666666
606nm,ACEGLA,-881.9866805
606nm,ACEMAC,-460.78377907407406
606nm,ALNRUB,-502.6584248666667
606nm,POPTRI,-980.4682560000001
606nm,THUPLI,-700.3325334666666
606nm,TSUHET,-754.9001673333333
607nm,ACEGLA,-881.1273973333333
607nm,ACEMAC,-460.4602048148148
607nm,ALNRUB,-502.28096596666666
607nm,POPTRI,-979.8807993333332
607nm,THUPLI,-699.7713092666667
607nm,TSUHET,-754.2411116666667
608nm,ACEGLA,-879.7980201666667
608nm,ACEMAC,-459.8197524814815
608nm,ALNRUB,-501.55734083333334
608nm,POPTRI,-978.51798900000006
608nm,THUPLI,-698.6263951333333
608nm,TSUHET,-752.678637
609nm,ACEGLA,-878.1720283333333
609nm,ACEMAC,-458.979353
609nm,ALNRUB,-500.61528273333334
609nm,POPTRI,-976.6658363333333
609nm,THUPLI,-697.1132058
609nm,TSUHET,-750.546217
610nm,ACEGLA,-875.6470071666666
610nm,ACEMAC,-457.6162078888889
610nm,ALNRUB,-499.3636638666667
610nm,POPTRI,-974.4392176666668
610nm,THUPLI,-695.0843308
610nm,TSUHET,-748.3794296666666
611nm,ACEGLA,-873.0917106666666
611nm,ACEMAC,-456.2369847037037
611nm,ALNRUB,-498.0848029
611nm,POPTRI,-972.039616
611nm,THUPLI,-693.0299401999999
611nm,TSUHET,-746.2783183333332
612nm,ACEGLA,-870.8902921666668
612nm,ACEMAC,-455.070759
612nm,ALNRUB,-496.8496720333333
612nm,POPTRI,-969.0406753333333
612nm,THUPLI,-691.1407916666667
612nm,TSUHET,-744.5012409999999
613nm,ACEGLA,-869.2266063333334
613nm,ACEMAC,-454.1784055185185
613nm,ALNRUB,-495.8658458333333
613nm,POPTRI,-966.9044426666667
613nm,THUPLI,-689.6718876666666
613nm,TSUHET,-743.00764833333335
614nm,ACEGLA,-868.1900113333332
614nm,ACEMAC,-453.60540885185185
614nm,ALNRUB,-495.17503723333334
614nm,POPTRI,-965.7744683333333
614nm,THUPLI,-688.6929758666666
614nm,TSUHET,-741.844585
615nm,ACEGLA,-867.4147586666667
615nm,ACEMAC,-453.15508951851854
615nm,ALNRUB,-494.59800943333335
615nm,POPTRI,-964.7352146666666
615nm,THUPLI,-687.8819917333333
615nm,TSUHET,-740.9074776666666
616nm,ACEGLA,-866.7267815
616nm,ACEMAC,-452.7426512222222
616nm,ALNRUB,-494.0640423
616nm,POPTRI,-963.7404416666667
616nm,THUPLI,-687.130451
616nm,TSUHET,-740.0633459999999
617nm,ACEGLA,-866.021652
617nm,ACEMAC,-452.24273748148147
617nm,ALNRUB,-493.65473713333336
617nm,POPTRI,-963.1096033333333
617nm,THUPLI,-686.4566166666667
617nm,TSUHET,-739.662885
618nm,ACEGLA,-865.0944935
618nm,ACEMAC,-451.6852675185185
618nm,ALNRUB,-493.1915651
618nm,POPTRI,-962.2114446666667
618nm,THUPLI,-685.6237147333334
618nm,TSUHET,-739.012609
619nm,ACEGLA,-863.7115591666667
619nm,ACEMAC,-451.0097015555555
619nm,ALNRUB,-492.61788563333334
619nm,POPTRI,-960.7646483333333
619nm,THUPLI,-684.4644146
619nm,TSUHET,-737.8498346666668
620nm,ACEGLA,-862.4910691666666
620nm,ACEMAC,-450.31722918518517
620nm,ALNRUB,-491.8832478666667
620nm,POPTRI,-959.3858683333333
620nm,THUPLI,-683.3382048
620nm,TSUHET,-736.4197606666667
621nm,ACEGLA,-861.3700516666667
621nm,ACEMAC,-449.61440025925924
621nm,ALNRUB,-491.05004383333335
621nm,POPTRI,-958.0486533333334
621nm,THUPLI,-682.2322019333334
621nm,TSUHET,-734.8258896666666
622nm,ACEGLA,-859.4261786666667
622nm,ACEMAC,-448.5694354074074
622nm,ALNRUB,-490.0190758
622nm,POPTRI,-955.4451333333334
622nm,THUPLI,-680.6356391333334
622nm,TSUHET,-733.1619863333334
623nm,ACEGLA,-857.2682268333334
623nm,ACEMAC,-447.4235267407407
623nm,ALNRUB,-488.8568259666667
623nm,POPTRI,-952.5889229999999
623nm,THUPLI,-678.8762428
623nm,TSUHET,-731.3588050000001
624nm,ACEGLA,-854.5972823333334
624nm,ACEMAC,-446.0197982592593
624nm,ALNRUB,-487.2732246
624nm,POPTRI,-949.230477
624nm,THUPLI,-676.6796165333333
624nm,TSUHET,-729.0597336666667
625nm,ACEGLA,-852.1431083333334
625nm,ACEMAC,-444.68063877777774
625nm,ALNRUB,-485.8021765666667
625nm,POPTRI,-946.3932693333334
625nm,THUPLI,-674.5240542666667
625nm,TSUHET,-726.9257
626nm,ACEGLA,-849.8972201666667
626nm,ACEMAC,-443.4035431481481
626nm,ALNRUB,-484.4393106666667
626nm,POPTRI,-944.0570996666667
626nm,THUPLI,-672.4079087333333
626nm,TSUHET,-724.9502473333333
627nm,ACEGLA,-848.1834748333333
627nm,ACEMAC,-442.40029785185186
627nm,ALNRUB,-483.47806843333336
627nm,POPTRI,-941.772373
627nm,THUPLI,-670.9090072
627nm,TSUHET,-723.3460496666667
628nm,ACEGLA,-846.6966183333333
628nm,ACEMAC,-441.5296163703704
628nm,ALNRUB,-482.66720523333333
628nm,POPTRI,-939.6926733333333
628nm,THUPLI,-669.648193
628nm,TSUHET,-721.9279009999999
629nm,ACEGLA,-846.0131570000001
629nm,ACEMAC,-441.19700892592596
629nm,ALNRUB,-482.29985266666665
629nm,POPTRI,-939.1278223333333
629nm,THUPLI,-669.1235511333333
629nm,TSUHET,-721.2891696666667
630nm,ACEGLA,-845.8255829999999
630nm,ACEMAC,-441.1119175925926
630nm,ALNRUB,-482.2445368666667
630nm,POPTRI,-939.0795583333334
630nm,THUPLI,-668.997114
630nm,TSUHET,-721.10652
631nm,ACEGLA,-846.3295835
631nm,ACEMAC,-441.37205522222223
631nm,ALNRUB,-482.6244185333333
631nm,POPTRI,-939.7516636666668
631nm,THUPLI,-669.4260175333334
631nm,TSUHET,-721.560015
632nm,ACEGLA,-847.5066734999999
632nm,ACEMAC,-442.01747425925925
632nm,ALNRUB,-483.3464788333333
632nm,POPTRI,-940.9657253333332
632nm,THUPLI,-670.3809505333334
632nm,TSUHET,-722.6094043333334
633nm,ACEGLA,-848.9452428333334
633nm,ACEMAC,-442.81040277777777
633nm,ALNRUB,-484.2023261333333
633nm,POPTRI,-942.4027193333334
633nm,THUPLI,-671.5382327333333
633nm,TSUHET,-723.8834939999999
634nm,ACEGLA,-850.541467
634nm,ACEMAC,-443.62922555555554
634nm,ALNRUB,-485.1617719
634nm,POPTRI,-944.3276696666667
634nm,THUPLI,-672.7581486
634nm,TSUHET,-725.0951470000001
635nm,ACEGLA,-851.9429506666667
635nm,ACEMAC,-444.36805292592595
635nm,ALNRUB,-486.05660520000004
635nm,POPTRI,-946.112923
635nm,THUPLI,-673.9037839333333
635nm,TSUHET,-726.2942006666666
636nm,ACEGLA,-852.9724121666667
636nm,ACEMAC,-444.9540792962963
636nm,ALNRUB,-486.8279108333333
636nm,POPTRI,-947.6314639999999
636nm,THUPLI,-674.9074477333334
636nm,TSUHET,-727.4689176666667
637nm,ACEGLA,-853.7111138333333
637nm,ACEMAC,-445.4217467777778
637nm,ALNRUB,-487.3446667333333
637nm,POPTRI,-948.6203203333333
637nm,THUPLI,-675.3624554666667
637nm,TSUHET,-727.889449
638nm,ACEGLA,-854.29754
638nm,ACEMAC,-445.8274872962963
638nm,ALNRUB,-487.72817353333335
638nm,POPTRI,-949.3320113333334
638nm,THUPLI,-675.5302630666666
638nm,TSUHET,-727.9151673333333
639nm,ACEGLA,-853.7726075
639nm,ACEMAC,-445.5261014074074
639nm,ALNRUB,-487.4652493333333
639nm,POPTRI,-948.7439336666666
639nm,THUPLI,-675.1023726666666
639nm,TSUHET,-727.3267883333333
640nm,ACEGLA,-852.9662413333333
640nm,ACEMAC,-445.06319255555553
640nm,ALNRUB,-487.03081000000003
640nm,POPTRI,-947.9430906666666
640nm,THUPLI,-674.3927998666667
640nm,TSUHET,-726.509445
641nm,ACEGLA,-851.5456951666666
641nm,ACEMAC,-444.25288185185184
641nm,ALNRUB,-486.21981896666665
641nm,POPTRI,-946.711298
641nm,THUPLI,-673.0307691333334
641nm,TSUHET,-725.171112
642nm,ACEGLA,-849.4320845
642nm,ACEMAC,-443.14548174074076
642nm,ALNRUB,-485.1632380333333
642nm,POPTRI,-944.397109
642nm,THUPLI,-671.2551890666666
642nm,TSUHET,-723.347182
643nm,ACEGLA,-846.8698219999999
643nm,ACEMAC,-441.8457994444444
643nm,ALNRUB,-483.9476769666667
643nm,POPTRI,-941.3823123333334
643nm,THUPLI,-669.2118900666667
643nm,TSUHET,-721.20881066666675
644nm,ACEGLA,-844.1014406666667
644nm,ACEMAC,-440.34524062962964
644nm,ALNRUB,-482.3139574333333
644nm,POPTRI,-937.7393589999999
644nm,THUPLI,-666.9183782
644nm,TSUHET,-718.5401706666667
645nm,ACEGLA,-841.4163018333334
645nm,ACEMAC,-438.9126473333333
645nm,ALNRUB,-480.7194907333334
645nm,POPTRI,-934.3911353333333
645nm,THUPLI,-664.6689414666666
645nm,TSUHET,-716.0064676666666
646nm,ACEGLA,-839.026689
646nm,ACEMAC,-437.72890866666665
646nm,ALNRUB,-479.3384690666667
646nm,POPTRI,-932.0660106666667
646nm,THUPLI,-662.6085922
646nm,TSUHET,-713.9972033333333
647nm,ACEGLA,-836.4296375
647nm,ACEMAC,-436.2874684444444
647nm,ALNRUB,-477.923569
647nm,POPTRI,-929.3153326666668
647nm,THUPLI,-660.4421394
647nm,TSUHET,-711.679871
648nm,ACEGLA,-833.6802525
648nm,ACEMAC,-434.65674885185183
648nm,ALNRUB,-476.48375873333333
648nm,POPTRI,-926.25217
648nm,THUPLI,-658.1977700666666
648nm,TSUHET,-709.1362356666667
649nm,ACEGLA,-829.7027246666667
649nm,ACEMAC,-432.63947574074075
649nm,ALNRUB,-474.2230952
649nm,POPTRI,-921.6542083333333
649nm,THUPLI,-654.9293439333334
649nm,TSUHET,-705.7983403333334
650nm,ACEGLA,-825.4193161666667
650nm,ACEMAC,-430.45243374074073
650nm,ALNRUB,-471.7802529
650nm,POPTRI,-916.670337
650nm,THUPLI,-651.3864958666667
650nm,TSUHET,-702.0851973333333
651nm,ACEGLA,-820.5598028333333
651nm,ACEMAC,-427.84265077777775
651nm,ALNRUB,-469.025483
651nm,POPTRI,-910.954479
651nm,THUPLI,-647.299714
651nm,TSUHET,-697.4161826666667
652nm,ACEGLA,-817.3351611666667
652nm,ACEMAC,-426.2205352222222
652nm,ALNRUB,-467.2999949333333
652nm,POPTRI,-907.253972
652nm,THUPLI,-644.7868058666667
652nm,TSUHET,-694.6548316666666
653nm,ACEGLA,-815.369575
653nm,ACEMAC,-425.3590164444444
653nm,ALNRUB,-466.36715716666663
653nm,POPTRI,-905.105631
653nm,THUPLI,-643.4859076
653nm,TSUHET,-693.362564
654nm,ACEGLA,-815.4347738333333
654nm,ACEMAC,-425.56187514814815
654nm,ALNRUB,-466.5785916
654nm,POPTRI,-905.2491986666668
654nm,THUPLI,-643.5160932
654nm,TSUHET,-693.0818103333334
655nm,ACEGLA,-816.1094056666667
655nm,ACEMAC,-425.9913335925926
655nm,ALNRUB,-467.0953677333334
655nm,POPTRI,-906.0928349999999
655nm,THUPLI,-643.9269986666667
655nm,TSUHET,-693.252132
656nm,ACEGLA,-818.0253818333333
656nm,ACEMAC,-426.76855374074074
656nm,ALNRUB,-468.1875162333333
656nm,POPTRI,-908.3770256666667
656nm,THUPLI,-645.0904173333333
656nm,TSUHET,-694.5219876666666
657nm,ACEGLA,-819.5533861666667
657nm,ACEMAC,-427.6715272592593
657nm,ALNRUB,-469.24197756666666
657nm,POPTRI,-910.53241
657nm,THUPLI,-646.3044973333334
657nm,TSUHET,-695.866305
658nm,ACEGLA,-820.7920791666667
658nm,ACEMAC,-428.6683198888889
658nm,ALNRUB,-470.2683293
658nm,POPTRI,-912.5914933333333
658nm,THUPLI,-647.5563577333334
658nm,TSUHET,-697.266141
659nm,ACEGLA,-823.3404621666666
659nm,ACEMAC,-430.0406483703704
659nm,ALNRUB,-471.82642646666665
659nm,POPTRI,-915.6484760000001
659nm,THUPLI,-649.5210658
659nm,TSUHET,-699.3578506666668
660nm,ACEGLA,-826.5528071666668
660nm,ACEMAC,-431.76596762962964
660nm,ALNRUB,-473.79168726666666
660nm,POPTRI,-919.5051056666666
660nm,THUPLI,-652.0521658
660nm,TSUHET,-702.0133236666667
661nm,ACEGLA,-831.3379483333333
661nm,ACEMAC,-434.41699277777775
661nm,ALNRUB,-476.79721213333335
661nm,POPTRI,-925.4174103333334
661nm,THUPLI,-656.0377028666667
661nm,TSUHET,-706.1214533333334
662nm,ACEGLA,-836.3407056666666
662nm,ACEMAC,-437.0867720740741
662nm,ALNRUB,-479.8095484333333
662nm,POPTRI,-931.2115283333334
662nm,THUPLI,-659.9823895333334
662nm,TSUHET,-710.2709870000001
663nm,ACEGLA,-841.4886731666668
663nm,ACEMAC,-439.7690626296296
663nm,ALNRUB,-482.82642606666667
663nm,POPTRI,-936.9267776666667
663nm,THUPLI,-663.8998019333334
663nm,TSUHET,-714.448103
664nm,ACEGLA,-844.3972648333333
664nm,ACEMAC,-441.31889140740736
664nm,ALNRUB,-484.61792203333334
664nm,POPTRI,-940.468425
664nm,THUPLI,-666.1206998
664nm,TSUHET,-717.1374246666667
665nm,ACEGLA,-846.5987453333332
665nm,ACEMAC,-442.49961903703706
665nm,ALNRUB,-485.95582079999997
665nm,POPTRI,-943.122765
665nm,THUPLI,-667.7781572
665nm,TSUHET,-719.0313923333334
666nm,ACEGLA,-847.4156989999999
666nm,ACEMAC,-442.9527473703704
666nm,ALNRUB,-486.37733446666664
666nm,POPTRI,-943.9540656666667
666nm,THUPLI,-668.3207824
666nm,TSUHET,-719.229388
667nm,ACEGLA,-847.4443934999999
667nm,ACEMAC,-443.1283548148148
667nm,ALNRUB,-486.6043042333333
667nm,POPTRI,-944.439898
667nm,THUPLI,-668.3849364666667
667nm,TSUHET,-719.169865
668nm,ACEGLA,-847.0423780000001
668nm,ACEMAC,-443.1522844814815
668nm,ALNRUB,-486.7250178666667
668nm,POPTRI,-944.7369406666667
668nm,THUPLI,-668.1876452
668nm,TSUHET,-718.9696626666667
669nm,ACEGLA,-846.7706866666667
669nm,ACEMAC,-442.8575588148148
669nm,ALNRUB,-486.5028964666667
669nm,POPTRI,-944.9518506666666
669nm,THUPLI,-667.8324821333333
669nm,TSUHET,-718.7498256666667
670nm,ACEGLA,-846.3205671666667
670nm,ACEMAC,-442.5829025925926
670nm,ALNRUB,-486.2710777333333
670nm,POPTRI,-944.8297196666666
670nm,THUPLI,-667.3672554
670nm,TSUHET,-718.3704426666666
671nm,ACEGLA,-845.5470988333333
671nm,ACEMAC,-442.34456025925925
671nm,ALNRUB,-486.0216845666667
671nm,POPTRI,-944.0970096666666
671nm,THUPLI,-666.7026498666667
671nm,TSUHET,-717.701972
672nm,ACEGLA,-845.0592966666667
672nm,ACEMAC,-442.0038734444444
672nm,ALNRUB,-485.71617333333336
672nm,POPTRI,-942.9205659999999
672nm,THUPLI,-666.1190786
672nm,TSUHET,-716.9366706666667
673nm,ACEGLA,-844.6620161666667
673nm,ACEMAC,-441.61686833333334
673nm,ALNRUB,-485.37627430000003
673nm,POPTRI,-941.616069
673nm,THUPLI,-665.5613666
673nm,TSUHET,-716.1505473333334
674nm,ACEGLA,-843.9589288333334
674nm,ACEMAC,-441.16427444444446
674nm,ALNRUB,-484.88713203333333
674nm,POPTRI,-940.945172
674nm,THUPLI,-664.9187536000001
674nm,TSUHET,-715.592617
675nm,ACEGLA,-842.9237633333333
675nm,ACEMAC,-440.5523777777778
675nm,ALNRUB,-484.2472924333333
675nm,POPTRI,-939.9998466666667
675nm,THUPLI,-664.0016066
675nm,TSUHET,-714.8198256666667
676nm,ACEGLA,-841.4584914999999
676nm,ACEMAC,-439.73423392592593
676nm,ALNRUB,-483.4123636666667
676nm,POPTRI,-938.6995623333333
676nm,THUPLI,-662.7290026
676nm,TSUHET,-713.7688663333333
677nm,ACEGLA,-839.7440686666666
677nm,ACEMAC,-438.80047766666667
677nm,ALNRUB,-482.29864506666667
677nm,POPTRI,-936.5572763333333
677nm,THUPLI,-661.3292289999999
677nm,TSUHET,-712.1997799999999
678nm,ACEGLA,-837.5770951666666
678nm,ACEMAC,-437.6538488148148
678nm,ALNRUB,-480.94129103333336
678nm,POPTRI,-933.9622366666666
678nm,THUPLI,-659.5904705333334
678nm,TSUHET,-710.1844900000001
679nm,ACEGLA,-833.4663790000001
679nm,ACEMAC,-435.59111
679nm,ALNRUB,-478.71731086666665
679nm,POPTRI,-930.1587903333334
679nm,THUPLI,-656.3223052
679nm,TSUHET,-706.5910276666667
680nm,ACEGLA,-827.578749
680nm,ACEMAC,-432.4996380740741
680nm,ALNRUB,-475.4046462
680nm,POPTRI,-923.9517493333334
680nm,THUPLI,-651.5859727333333
680nm,TSUHET,-701.4368473333333
681nm,ACEGLA,-820.1557208333332
681nm,ACEMAC,-428.51921166666665
681nm,ALNRUB,-471.15117879999997
681nm,POPTRI,-915.667562
681nm,THUPLI,-645.58097
681nm,TSUHET,-694.9339113333333
682nm,ACEGLA,-810.1121424999999
682nm,ACEMAC,-423.02622244444444
682nm,ALNRUB,-465.1449547333333
682nm,POPTRI,-903.19579
682nm,THUPLI,-637.5053408666666
682nm,TSUHET,-686.4134403333334
683nm,ACEGLA,-799.8421226666666
683nm,ACEMAC,-417.44739803703703
683nm,ALNRUB,-458.9423182333333
683nm,POPTRI,-890.3797326666667
683nm,THUPLI,-629.2729697999999
683nm,TSUHET,-677.8107393333333
684nm,ACEGLA,-789.6728905
684nm,ACEMAC,-412.04138574074074
684nm,ALNRUB,-452.69252293333335
684nm,POPTRI,-877.7696103333334
684nm,THUPLI,-621.1769656666667
684nm,TSUHET,-669.5207896666666
685nm,ACEGLA,-780.4704473333334
685nm,ACEMAC,-407.0980504814815
685nm,ALNRUB,-447.21458126666664
685nm,POPTRI,-866.5566160000001
685nm,THUPLI,-613.7528332
685nm,TSUHET,-661.954262
686nm,ACEGLA,-771.8070371666666
686nm,ACEMAC,-402.4189117777778
686nm,ALNRUB,-442.1573417
686nm,POPTRI,-856.098621
686nm,THUPLI,-606.7192128666667
686nm,TSUHET,-654.792859
687nm,ACEGLA,-764.0975071666667
687nm,ACEMAC,-398.3634064814815
687nm,ALNRUB,-437.60651103333333
687nm,POPTRI,-846.383785
687nm,THUPLI,-600.7755150666667
687nm,TSUHET,-648.3931986666666
688nm,ACEGLA,-757.1814056666666
688nm,ACEMAC,-394.6521396666667
688nm,ALNRUB,-433.43034843333334
688nm,POPTRI,-837.3922773333334
688nm,THUPLI,-595.2895745333333
688nm,TSUHET,-642.4653203333334
689nm,ACEGLA,-751.3754565
689nm,ACEMAC,-391.42258733333335
689nm,ALNRUB,-429.7784188
689nm,POPTRI,-829.4128923333334
689nm,THUPLI,-590.4441082
689nm,TSUHET,-637.1974996666667
690nm,ACEGLA,-748.0659476666666
690nm,ACEMAC,-389.80269840740743
690nm,ALNRUB,-427.7426918666667
690nm,POPTRI,-825.5248976666667
690nm,THUPLI,-587.7627573333333
690nm,TSUHET,-634.4489326666667
691nm,ACEGLA,-746.18315
691nm,ACEMAC,-388.9678398148148
691nm,ALNRUB,-426.5778777
691nm,POPTRI,-823.531069
691nm,THUPLI,-586.2823678
691nm,TSUHET,-633.0661476666667
692nm,ACEGLA,-747.82607
692nm,ACEMAC,-389.8129808148148
692nm,ALNRUB,-427.46345626666664
692nm,POPTRI,-825.3625743333333
692nm,THUPLI,-587.7004748
692nm,TSUHET,-634.9156813333333
693nm,ACEGLA,-750.8792073333334
693nm,ACEMAC,-391.4664882962963
693nm,ALNRUB,-429.2248284
693nm,POPTRI,-828.1831496666667
693nm,THUPLI,-590.3326019333333
693nm,TSUHET,-637.8141683333334
694nm,ACEGLA,-754.982983
694nm,ACEMAC,-393.72223103703703
694nm,ALNRUB,-431.63866383333334
694nm,POPTRI,-831.7405416666667
694nm,THUPLI,-593.8691673333333
694nm,TSUHET,-641.493971
695nm,ACEGLA,-758.6754343333332
695nm,ACEMAC,-395.67368744444445
695nm,ALNRUB,-433.71358226666666
695nm,POPTRI,-836.149698
695nm,THUPLI,-596.8900956
695nm,TSUHET,-645.0200013333333
696nm,ACEGLA,-762.0014071666667
696nm,ACEMAC,-397.473754
696nm,ALNRUB,-435.518799
696nm,POPTRI,-839.9850063333333
696nm,THUPLI,-599.6636246666667
696nm,TSUHET,-648.350726
697nm,ACEGLA,-764.6922961666667
697nm,ACEMAC,-399.0206728888889
697nm,ALNRUB,-436.85899886666664
697nm,POPTRI,-842.7220086666666
697nm,THUPLI,-602.0246754666666
697nm,TSUHET,-651.3384183333333
698nm,ACEGLA,-767.5251543333334
698nm,ACEMAC,-400.38166907407407
698nm,ALNRUB,-438.4171246
698nm,POPTRI,-844.9412719999999
698nm,THUPLI,-604.0779592666667
698nm,TSUHET,-653.7840846666667
699nm,ACEGLA,-770.3396938333334
699nm,ACEMAC,-401.7176957037037
699nm,ALNRUB,-440.00800296666665
699nm,POPTRI,-847.132868
699nm,THUPLI,-606.0556042666667
699nm,TSUHET,-656.0915933333333
700nm,ACEGLA,-772.7764896666667
700nm,ACEMAC,-403.26557481481484
700nm,ALNRUB,-441.37066200000004
700nm,POPTRI,-850.1557143333333
700nm,THUPLI,-608.1862343333333
700nm,TSUHET,-658.640542
701nm,ACEGLA,-774.716841
701nm,ACEMAC,-404.5929645185185
701nm,ALNRUB,-442.5454302666667
701nm,POPTRI,-852.5125533333334
701nm,THUPLI,-609.9172405333334
701nm,TSUHET,-660.5624796666666
702nm,ACEGLA,-776.2471955
702nm,ACEMAC,-405.7383384814815
702nm,ALNRUB,-443.56506279999996
702nm,POPTRI,-854.3195446666666
702nm,THUPLI,-611.3182874
702nm,TSUHET,-661.9665553333333
703nm,ACEGLA,-777.5070643333333
703nm,ACEMAC,-406.65422703703706
703nm,ALNRUB,-444.4625831
703nm,POPTRI,-855.5339869999999
703nm,THUPLI,-612.4220613333333
703nm,TSUHET,-663.6259743333334
704nm,ACEGLA,-779.0485273333334
704nm,ACEMAC,-407.586025
704nm,ALNRUB,-445.41631846666667
704nm,POPTRI,-857.001588
704nm,THUPLI,-613.6082779999999
704nm,TSUHET,-665.4654363333333
705nm,ACEGLA,-781.1282995
705nm,ACEMAC,-408.56872555555555
705nm,ALNRUB,-446.48400983333335
705nm,POPTRI,-858.9866900000001
705nm,THUPLI,-614.9729578
705nm,TSUHET,-667.6080539999999
706nm,ACEGLA,-782.3446705
706nm,ACEMAC,-409.5010285925926
706nm,ALNRUB,-447.39893266666667
706nm,POPTRI,-860.6224296666666
706nm,THUPLI,-616.1285428
706nm,TSUHET,-668.8353563333334
707nm,ACEGLA,-783.1102398333333
707nm,ACEMAC,-410.26599314814814
707nm,ALNRUB,-448.1297519666667
707nm,POPTRI,-861.862047
707nm,THUPLI,-616.9897612
707nm,TSUHET,-669.6871173333334
708nm,ACEGLA,-783.0023738333333
708nm,ACEMAC,-410.2975625925926
708nm,ALNRUB,-448.20087656666664
708nm,POPTRI,-861.7141929999999
708nm,THUPLI,-616.7432098666667
708nm,TSUHET,-670.1077816666667
709nm,ACEGLA,-781.265475
709nm,ACEMAC,-409.360575
709nm,ALNRUB,-447.1650807666667
709nm,POPTRI,-859.4243066666667
709nm,THUPLI,-615.0194388
709nm,TSUHET,-668.5244516666666
710nm,ACEGLA,-778.3643086666667
710nm,ACEMAC,-407.73135803703707
710nm,ALNRUB,-445.3381354666667
710nm,POPTRI,-855.6034906666666
710nm,THUPLI,-612.2399124666666
710nm,TSUHET,-665.5089196666667
711nm,ACEGLA,-770.3139056666666
711nm,ACEMAC,-403.47088885185184
711nm,ALNRUB,-440.5753538
711nm,POPTRI,-845.376733
711nm,THUPLI,-605.7553808666667
711nm,TSUHET,-659.380587
712nm,ACEGLA,-760.2297966666666
712nm,ACEMAC,-398.26537174074076
712nm,ALNRUB,-434.78307846666667
712nm,POPTRI,-833.708654
712nm,THUPLI,-597.7559305333333
712nm,TSUHET,-651.5726336666667
713nm,ACEGLA,-747.2915708333334
713nm,ACEMAC,-391.7343510740741
713nm,ALNRUB,-427.5469893
713nm,POPTRI,-820.026644
713nm,THUPLI,-587.6300226666667
713nm,TSUHET,-641.4036866666667
714nm,ACEGLA,-732.8902231666666
714nm,ACEMAC,-384.0855130740741
714nm,ALNRUB,-419.2913455666667
714nm,POPTRI,-803.4210933333333
714nm,THUPLI,-575.8396795333333
714nm,TSUHET,-629.2342556666666
715nm,ACEGLA,-718.6584451666666
715nm,ACEMAC,-376.4557511111111
715nm,ALNRUB,-411.11038476666664
715nm,POPTRI,-786.8313953333333
715nm,THUPLI,-564.0290535333334
715nm,TSUHET,-616.952904
716nm,ACEGLA,-705.7628688333333
716nm,ACEMAC,-369.52607085185184
716nm,ALNRUB,-403.73438236666664
716nm,POPTRI,-771.9742313333334
716nm,THUPLI,-553.1197297333333
716nm,TSUHET,-605.500691
717nm,ACEGLA,-693.3947561666668
717nm,ACEMAC,-362.9348717037037
717nm,ALNRUB,-396.6779403666667
717nm,POPTRI,-757.4055376666666
717nm,THUPLI,-542.7650248666666
717nm,TSUHET,-594.8705053333333
718nm,ACEGLA,-681.385822
718nm,ACEMAC,-356.5632387037037
718nm,ALNRUB,-389.82071303333333
718nm,POPTRI,-743.1968483333334
718nm,THUPLI,-532.7282974
718nm,TSUHET,-584.7282173333333
719nm,ACEGLA,-670.3013583333334
719nm,ACEMAC,-350.694369962963
719nm,ALNRUB,-383.371178
719nm,POPTRI,-730.8444783333333
719nm,THUPLI,-523.1700094666667
719nm,TSUHET,-575.4326693333334
720nm,ACEGLA,-660.1665156666667
720nm,ACEMAC,-345.3798625555555
720nm,ALNRUB,-377.6257525666667
720nm,POPTRI,-719.2578080000001
720nm,THUPLI,-514.6556666666667
720nm,TSUHET,-567.1914026666667
721nm,ACEGLA,-650.8484245
721nm,ACEMAC,-340.54218144444445
721nm,ALNRUB,-372.48599873333336
721nm,POPTRI,-708.3296899999999
721nm,THUPLI,-507.03925119999997
721nm,TSUHET,-559.856894
722nm,ACEGLA,-645.3019035
722nm,ACEMAC,-337.94295696296297
722nm,ALNRUB,-369.6395985
722nm,POPTRI,-701.9928616666666
722nm,THUPLI,-502.37854239999996
722nm,TSUHET,-555.696403
723nm,ACEGLA,-642.0956906666667
723nm,ACEMAC,-336.496149
723nm,ALNRUB,-368.05613216666666
723nm,POPTRI,-698.3211756666666
723nm,THUPLI,-499.415346
723nm,TSUHET,-553.4594673333334
724nm,ACEGLA,-642.1587005
724nm,ACEMAC,-336.6418065925926
724nm,ALNRUB,-368.2251133666667
724nm,POPTRI,-698.3589483333333
724nm,THUPLI,-498.8134744
724nm,TSUHET,-553.9063646666666
725nm,ACEGLA,-644.5028785
725nm,ACEMAC,-338.1158674074074
725nm,ALNRUB,-370.0945812333333
725nm,POPTRI,-700.9071016666667
725nm,THUPLI,-500.1021811333333
725nm,TSUHET,-556.0218296666667
726nm,ACEGLA,-647.813306
726nm,ACEMAC,-340.06625622222225
726nm,ALNRUB,-372.49213953333333
726nm,POPTRI,-704.7205383333333
726nm,THUPLI,-502.0786744
726nm,TSUHET,-558.9111756666666
727nm,ACEGLA,-652.4945396666667
727nm,ACEMAC,-342.5951851851852
727nm,ALNRUB,-375.4225527333333
727nm,POPTRI,-710.5555216666668
727nm,THUPLI,-504.9035932
727nm,TSUHET,-562.9736006666667
728nm,ACEGLA,-657.5805330000001
728nm,ACEMAC,-345.52964292592594
728nm,ALNRUB,-378.65217839999997
728nm,POPTRI,-716.274845
728nm,THUPLI,-508.29166413333337
728nm,TSUHET,-567.34333
729nm,ACEGLA,-663.1305776666667
729nm,ACEMAC,-348.8022117777778
729nm,ALNRUB,-382.277891
729nm,POPTRI,-722.6623936666667
729nm,THUPLI,-512.1730312666666
729nm,TSUHET,-572.2261216666667
730nm,ACEGLA,-670.1945623333334
730nm,ACEMAC,-352.9734804814815
730nm,ALNRUB,-387.28153426666665
730nm,POPTRI,-732.5229683333333
730nm,THUPLI,-517.4181266666667
730nm,TSUHET,-579.0427686666667
731nm,ACEGLA,-678.0101855
731nm,ACEMAC,-357.38401507407406
731nm,ALNRUB,-392.3433019
731nm,POPTRI,-742.2411569999999
731nm,THUPLI,-523.0101932666666
731nm,TSUHET,-586.1052
732nm,ACEGLA,-686.3057826666666
732nm,ACEMAC,-361.9778933333333
732nm,ALNRUB,-397.48297583333334
732nm,POPTRI,-751.9606500000001
732nm,THUPLI,-528.8182674
732nm,TSUHET,-593.3605573333333
733nm,ACEGLA,-694.8131036666667
733nm,ACEMAC,-367.052393962963
733nm,ALNRUB,-403.19053196666664
733nm,POPTRI,-762.8875476666666
733nm,THUPLI,-534.6494469333334
733nm,TSUHET,-601.1728896666666
734nm,ACEGLA,-703.2980501666666
734nm,ACEMAC,-372.0558022592593
734nm,ALNRUB,-408.7777620666667
734nm,POPTRI,-774.0363619999999
734nm,THUPLI,-540.7578903333333
734nm,TSUHET,-608.9873273333333
735nm,ACEGLA,-711.7624845
735nm,ACEMAC,-376.99415551851854
735nm,ALNRUB,-414.2548311333333
735nm,POPTRI,-785.3881826666666
735nm,THUPLI,-547.1200514666666
735nm,TSUHET,-616.8036086666666
736nm,ACEGLA,-719.8090145
736nm,ACEMAC,-381.4885053333333
736nm,ALNRUB,-419.42757773333335
736nm,POPTRI,-794.4882003333333
736nm,THUPLI,-552.4500689333333
736nm,TSUHET,-623.5942813333334
737nm,ACEGLA,-726.9583406666667
737nm,ACEMAC,-385.6015181111111
737nm,ALNRUB,-424.1989472
737nm,POPTRI,-803.1351393333333
737nm,THUPLI,-557.4514016666667
737nm,TSUHET,-630.0015666666667
738nm,ACEGLA,-732.9635926666667
738nm,ACEMAC,-389.2359294444445
738nm,ALNRUB,-428.4618481333333
738nm,POPTRI,-811.2631276666667
738nm,THUPLI,-562.0588579333333
738nm,TSUHET,-635.9443083333333
739nm,ACEGLA,-737.8547218333333
739nm,ACEMAC,-392.1309135185185
739nm,ALNRUB,-431.86820953333336
739nm,POPTRI,-818.0644556666666
739nm,THUPLI,-565.4195018666667
739nm,TSUHET,-640.3924739999999
740nm,ACEGLA,-741.9015876666667
740nm,ACEMAC,-394.53668203703705
740nm,ALNRUB,-434.79717956666667
740nm,POPTRI,-823.8807756666666
740nm,THUPLI,-568.1259996666666
740nm,TSUHET,-644.256536
741nm,ACEGLA,-744.6858296666667
741nm,ACEMAC,-396.2293778148148
741nm,ALNRUB,-437.0571287
741nm,POPTRI,-828.2288796666667
741nm,THUPLI,-569.9303024
741nm,TSUHET,-647.390996
742nm,ACEGLA,-746.9759986666667
742nm,ACEMAC,-397.79197948148146
742nm,ALNRUB,-438.8202783
742nm,POPTRI,-831.6615273333333
742nm,THUPLI,-571.0782872666666
742nm,TSUHET,-649.3835369999999
743nm,ACEGLA,-749.1070353333333
743nm,ACEMAC,-399.179074037037
743nm,ALNRUB,-440.32389009999997
743nm,POPTRI,-834.6638573333332
743nm,THUPLI,-572.0665664666667
743nm,TSUHET,-651.0960136666666
744nm,ACEGLA,-751.1031781666666
744nm,ACEMAC,-400.2176747037037
744nm,ALNRUB,-441.4588149
744nm,POPTRI,-837.098918
744nm,THUPLI,-572.996851
744nm,TSUHET,-652.7023393333333
745nm,ACEGLA,-752.464699
745nm,ACEMAC,-400.94203503703704
745nm,ALNRUB,-442.4596392333333
745nm,POPTRI,-838.882893
745nm,THUPLI,-573.519046
745nm,TSUHET,-653.9878593333333
746nm,ACEGLA,-753.2510033333333
746nm,ACEMAC,-401.4972205555556
746nm,ALNRUB,-443.27809376666664
746nm,POPTRI,-840.0953223333333
746nm,THUPLI,-573.684824
746nm,TSUHET,-654.921997
747nm,ACEGLA,-752.8557519999999
747nm,ACEMAC,-401.82008381481484
747nm,ALNRUB,-443.66142813333335
747nm,POPTRI,-840.1521063333333
747nm,THUPLI,-573.1319184666667
747nm,TSUHET,-655.0740176666667
748nm,ACEGLA,-751.9746706666666
748nm,ACEMAC,-401.19852937037035
748nm,ALNRUB,-443.29149010000003
748nm,POPTRI,-839.900355
748nm,THUPLI,-571.9315621333333
748nm,TSUHET,-654.3373813333333
749nm,ACEGLA,-750.3234001666666
749nm,ACEMAC,-400.048135
749nm,ALNRUB,-442.3426448
749nm,POPTRI,-838.6843416666667
749nm,THUPLI,-570.1022562666667
749nm,TSUHET,-652.752701
750nm,ACEGLA,-746.413763
750nm,ACEMAC,-398.2392882962963
750nm,ALNRUB,-440.2631535666667
750nm,POPTRI,-834.2036410000001
750nm,THUPLI,-566.7951168666667
750nm,TSUHET,-649.198288
751nm,ACEGLA,-740.535449
751nm,ACEMAC,-394.87738340740736
751nm,ALNRUB,-436.76196003333337
751nm,POPTRI,-827.5301643333333
751nm,THUPLI,-561.8457723333333
751nm,TSUHET,-644.4034803333333
752nm,ACEGLA,-732.4728293333334
752nm,ACEMAC,-390.2041874074074
752nm,ALNRUB,-431.88788263333333
752nm,POPTRI,-818.5760596666667
752nm,THUPLI,-555.1453641333334
752nm,TSUHET,-637.712624
753nm,ACEGLA,-718.3477208333333
753nm,ACEMAC,-382.6705397037037
753nm,ALNRUB,-423.5906381666666
753nm,POPTRI,-803.5811000000001
753nm,THUPLI,-543.71983
753nm,TSUHET,-624.7776893333333
754nm,ACEGLA,-699.4371148333333
754nm,ACEMAC,-372.3720337037037
754nm,ALNRUB,-412.2108351333333
754nm,POPTRI,-781.857638
754nm,THUPLI,-528.8485204666666
754nm,TSUHET,-608.2488020000001
755nm,ACEGLA,-677.046986
755nm,ACEMAC,-360.13663862962966
755nm,ALNRUB,-398.68673943333334
755nm,POPTRI,-755.7192246666667
755nm,THUPLI,-511.4664105333334
755nm,TSUHET,-588.9335503333334
756nm,ACEGLA,-648.9255191666666
756nm,ACEMAC,-344.97923962962966
756nm,ALNRUB,-381.9853841
756nm,POPTRI,-724.0558906666666
756nm,THUPLI,-489.9283752
756nm,TSUHET,-564.3942183333334
757nm,ACEGLA,-620.6039723333333
757nm,ACEMAC,-329.64160385185187
757nm,ALNRUB,-365.1231921666667
757nm,POPTRI,-691.335123
757nm,THUPLI,-468.1336771333333
757nm,TSUHET,-539.5367100000001
758nm,ACEGLA,-592.8287221666666
758nm,ACEMAC,-314.56288903703705
758nm,ALNRUB,-348.5738983333333
758nm,POPTRI,-658.8088363333334
758nm,THUPLI,-446.73625126666667
758nm,TSUHET,-515.145416
759nm,ACEGLA,-568.687439
759nm,ACEMAC,-301.4583793333333
759nm,ALNRUB,-334.2422712333333
759nm,POPTRI,-630.4845349999999
759nm,THUPLI,-428.3089794
759nm,TSUHET,-494.2894563333333
760nm,ACEGLA,-548.9308565
760nm,ACEMAC,-290.70448555555555
760nm,ALNRUB,-322.2616865666667
760nm,POPTRI,-606.787421
760nm,THUPLI,-412.9039047333334
760nm,TSUHET,-476.80235533333337
761nm,ACEGLA,-532.8743541666666
761nm,ACEMAC,-281.97085055555556
761nm,ALNRUB,-312.4446872666667
761nm,POPTRI,-587.1295253333333
761nm,THUPLI,-400.21651326666665
761nm,TSUHET,-462.4158146666666
762nm,ACEGLA,-524.1620098333333
762nm,ACEMAC,-277.37055151851854
762nm,ALNRUB,-307.52558036666665
762nm,POPTRI,-575.940833
762nm,THUPLI,-393.48592733333334
762nm,TSUHET,-455.049316
763nm,ACEGLA,-521.8302601666667
763nm,ACEMAC,-276.21343055555553
763nm,ALNRUB,-306.30569453333334
763nm,POPTRI,-572.2554243333333
763nm,THUPLI,-391.61525539999997
763nm,TSUHET,-452.89179699999994
764nm,ACEGLA,-524.3656351666666
764nm,ACEMAC,-277.6616982962963
764nm,ALNRUB,-307.929986
764nm,POPTRI,-574.2272146666667
764nm,THUPLI,-393.3939004
764nm,TSUHET,-454.83597833333334
765nm,ACEGLA,-534.6797805
765nm,ACEMAC,-283.20829385185186
765nm,ALNRUB,-314.16974346666666
765nm,POPTRI,-585.034724
765nm,THUPLI,-400.824544
765nm,TSUHET,-463.73528533333325
766nm,ACEGLA,-550.7796453333333
766nm,ACEMAC,-292.1520281111111
766nm,ALNRUB,-324.16071316666665
766nm,POPTRI,-603.6953603333333
766nm,THUPLI,-413.275969
766nm,TSUHET,-478.3120573333333
767nm,ACEGLA,-570.8822021666666
767nm,ACEMAC,-303.2631701851852
767nm,ALNRUB,-336.55880256666666
767nm,POPTRI,-627.356217
767nm,THUPLI,-428.8420200666667
767nm,TSUHET,-496.42164333333335
768nm,ACEGLA,-596.3603105
768nm,ACEMAC,-316.8188689259259
768nm,ALNRUB,-351.70991296666665
768nm,POPTRI,-656.628934
768nm,THUPLI,-447.6758158
768nm,TSUHET,-518.2687306666667
769nm,ACEGLA,-620.9665028333333
769nm,ACEMAC,-330.2722943703704
769nm,ALNRUB,-366.5067453666667
769nm,POPTRI,-685.68376
769nm,THUPLI,-466.29272506666666
769nm,TSUHET,-539.9761936666667
770nm,ACEGLA,-644.5041458333333
770nm,ACEMAC,-343.1704228888889
770nm,ALNRUB,-380.66458493333334
770nm,POPTRI,-713.8215033333332
770nm,THUPLI,-484.177312
770nm,TSUHET,-560.8406783333332
771nm,ACEGLA,-665.789037
771nm,ACEMAC,-354.4879605925926
771nm,ALNRUB,-393.28010156666664
771nm,POPTRI,-739.4063176666666
771nm,THUPLI,-500.07339879999995
771nm,TSUHET,-579.2876329999999
772nm,ACEGLA,-682.6884685
772nm,ACEMAC,-363.5209087037037
772nm,ALNRUB,-403.39966653333335
772nm,POPTRI,-759.866762
772nm,THUPLI,-512.7880143333333
772nm,TSUHET,-593.7776316666666
773nm,ACEGLA,-696.5181631666666
773nm,ACEMAC,-370.9380756666667
773nm,ALNRUB,-411.69238863333334
773nm,POPTRI,-776.307587
773nm,THUPLI,-523.1768928
773nm,TSUHET,-605.6270450000001
774nm,ACEGLA,-706.2184833333333
774nm,ACEMAC,-376.1653155925926
774nm,ALNRUB,-417.4492360333333
774nm,POPTRI,-786.914815
774nm,THUPLI,-530.339823
774nm,TSUHET,-614.0517753333334
775nm,ACEGLA,-711.9332786666668
775nm,ACEMAC,-379.5207085185185
775nm,ALNRUB,-421.1479635666667
775nm,POPTRI,-794.2818883333333
775nm,THUPLI,-534.6086343333334
775nm,TSUHET,-619.0484976666667
776nm,ACEGLA,-715.7887523333334
776nm,ACEMAC,-381.89356333333336
776nm,ALNRUB,-423.76375406666665
776nm,POPTRI,-799.4819116666666
776nm,THUPLI,-537.5420499333334
776nm,TSUHET,-622.5359723333333
777nm,ACEGLA,-717.824544
777nm,ACEMAC,-383.2232539259259
777nm,ALNRUB,-425.22814783333337
777nm,POPTRI,-802.0715793333334
777nm,THUPLI,-539.1797478666666
777nm,TSUHET,-624.6138276666667
778nm,ACEGLA,-718.9719725
778nm,ACEMAC,-383.31232407407407
778nm,ALNRUB,-425.513013
778nm,POPTRI,-803.1430833333334
778nm,THUPLI,-539.4419546666667
778nm,TSUHET,-624.9235299999999
779nm,ACEGLA,-719.1405841666667
779nm,ACEMAC,-383.17124822222223
779nm,ALNRUB,-425.4027785
779nm,POPTRI,-803.2333083333333
779nm,THUPLI,-539.2980143333333
779nm,TSUHET,-624.9667386666666
780nm,ACEGLA,-718.2098593333334
780nm,ACEMAC,-382.90635044444446
780nm,ALNRUB,-424.95587143333336
780nm,POPTRI,-802.3036626666667
780nm,THUPLI,-538.8293191333333
780nm,TSUHET,-624.9096886666667
